2,2.20731059773,0.834726395279
2,0.0250695625996,1.12888593566
2,5.41175881101,-4.02985515812
1,-1.36069654258,0.702598602565
2,4.34835172056,1.97359746854
1,-1.09618097656,0.108580301008
1,0.491101048881,1.78896468996
2,-0.885340381589,1.45290785213
1,2.02362531648,1.01257508273
1,0.229221546686,0.840562582539
2,0.809517033659,-1.91128068485
1,0.431136876816,-1.3087420592
2,1.39640699474,-1.81270717207
1,-0.527945191682,0.215821577601
1,-1.16584931953,-0.293666251473
1,-0.533589304307,0.763099222504
2,2.81027213499,1.67024726258
2,2.94458030225,0.198392898687
1,-0.604600642751,0.950472719889
2,3.64356495553,-1.06563968686
1,1.42166809214,-0.316374793527
2,2.38872490559,1.44223122536
2,-0.331901709519,-1.92326361865
1,0.0631303986781,-1.50396384502
1,-0.36797265265,-0.622419449972
1,0.239839428725,0.868314991958
1,0.58043500059,0.531489011078
2,-0.750384726242,-0.53232556586
1,0.0923493507395,-0.23269420515
1,-0.425526087684,1.67157107004
1,1.44051336462,1.08372358313
2,2.04161021254,-2.85328807436
1,1.33734834331,-2.26865811381
1,1.25358128855,0.383458386806
2,3.1915178962,-2.60165133033
2,3.69807838848,-3.52047477211
2,-0.982228121058,0.505109479894
2,4.20728831028,2.13600706573
2,4.60783241862,-1.05350454979
2,2.97312367613,-2.15419955265
2,3.47880388681,0.49248144396
2,1.19549381994,1.47204196061
1,0.171913214903,-1.47190329715
1,-0.510783555553,-0.142884143127
1,-0.337803047685,-0.670417702338
1,-0.078488948729,-0.350393715064
2,2.31033603152,0.556507603816
1,-0.980130192851,1.98125534565
2,3.13261479528,-4.66478710523
1,-0.341824880446,1.09801305982
2,1.91124138135,-2.79942015782
1,0.915213701219,0.741843416939
1,1.08889250113,-0.902323692299
2,1.38401534569,1.26235764573
2,0.466891245327,0.412144624549
1,0.506982136803,-0.166130157917
2,-2.15763244608,-1.68200912403
1,-0.0596683434366,0.53939045907
2,4.08018766987,-1.50423746059
1,-0.0365007894646,-0.929832314992
1,-0.0391309044258,0.393178172727
1,-0.339460973184,-0.757813960978
1,-0.315531272576,-0.741890505908
2,3.80984039005,5.21339941314
2,2.07036702704,-1.6424844659
1,-0.0140720913081,-0.134771569679
2,1.75331592484,-0.511429908823
2,2.09783795742,1.45653125241
2,-1.70550535034,3.12760096572
1,-1.58173369168,-0.5626943217
1,0.196875941514,-0.136071836736
1,-0.339953345961,1.49068637185
1,1.15373655673,-0.620979174054
1,-1.25533305072,1.22293287217
1,-1.08077004136,-0.376811861256
1,0.326381927179,-2.05345859388
2,-2.89827633297,0.00626877808803
1,2.22674521795,-0.446052222013
2,4.75570059523,-1.06243034499
2,3.44381664307,2.14881341864
2,1.98306968276,0.796132586298
2,3.36003564065,-1.55684798273
1,-0.680242288735,0.615097372164
1,-1.0693215493,-0.562732607858
2,5.50336774611,0.363194367913
1,1.65071243839,1.70853643796
2,-0.620693874127,-0.734381329619
1,-0.133947650206,-1.846260433
2,0.275890707415,1.06628412715
2,2.33093423356,-0.24288353234
2,0.637754849591,2.89287192419
2,1.17816538312,3.38370886129
2,3.22900049301,1.61431089422
2,2.08907006605,2.46217350597
2,1.39737747668,-2.33889525848
2,3.08956152235,0.442458792834
2,3.35100561687,-0.421935872114
1,-0.156567846843,-2.15520225253
2,2.39675503716,-2.1705737171
1,0.139771823534,0.0600890640704
2,1.6087443016,-3.12079448082
2,2.93942638501,-0.536353355581
2,0.148540028462,-0.785662261102
1,0.483314199822,0.449125095382
1,-1.02085898417,1.07485508342
2,-2.08712017359,-0.818448877801
1,-0.492158613293,0.00849345721145
1,0.233837397499,-0.457333981524
2,1.65179741283,3.19418687619
1,0.874724648499,0.220171514931
1,0.829543013878,-0.291736981429
2,6.26082503059,0.504513610594
2,-0.960017189619,-2.00254434345
2,2.70549659597,1.71465005389
1,-0.524474158363,0.694050855454
2,-4.62060789429,-2.1745189729
1,-0.18959782508,-0.657502742208
2,1.16685228323,-0.216032483911
1,2.52577928879,0.81446918512
2,-0.283998049041,-0.359648337897
2,2.12677961626,-3.12645245065
2,2.11806057609,-0.0392608241505
1,1.28061993025,-0.347116486423
2,1.39763472172,-1.89682936179
2,4.04536861495,2.2602789119
1,-0.72695000242,0.11762094715
2,1.8123033524,2.52616783587
2,2.4431941198,-2.56964516426
1,-1.19135357733,-0.506594491197
2,4.07635513333,1.40154915256
2,2.15773701503,3.90177755746
2,0.408723695258,0.900841701272
2,-0.562077916277,-0.190362228741
2,4.33468503791,-1.29494164236
1,-1.63802608983,-0.974720681992
1,1.09325695291,2.78429459986
1,-0.0617487621887,-1.18351353293
1,-0.0856998402165,-1.81189780067
2,4.2777588059,0.54961243794
2,2.30775348314,2.26442034798
2,-0.915929712734,-3.67206514287
1,-0.70778302054,0.662611372958
2,1.71661830584,-2.02341917954
2,0.846350991939,-0.446927392971
2,-0.878558910305,-2.28497293984
1,-0.848280131738,0.258447186827
1,-0.995302511588,1.32604494002
2,2.08377530721,2.02111142359
1,-0.679544463715,1.20377200397
2,3.83573615256,2.72314658079
2,1.17522279821,1.76530440601
1,-0.60860294992,-0.988647556624
1,0.98598842869,-1.48882819838
2,2.95681368968,-2.24165895703
2,2.72234128368,-0.689018468499
2,2.42079369563,1.69323905536
2,7.51677852836,-0.289627907451
2,0.347041215995,-3.09163098909
1,0.904018429367,0.246297694368
2,0.953807957865,-1.28619144901
1,1.579795394,-0.776504999556
1,0.932509457675,0.00661427114909
1,0.951161056708,-0.492731201214
1,-2.49248907111,1.45888078565
1,-1.06754557829,-0.378337360641
2,2.99901238259,-0.110067347939
1,0.840929811733,-0.526781530824
2,2.70414807076,-3.9553983304
1,0.193601301476,-0.596822810843
1,0.336613965026,-0.373129414543
1,1.20001339318,0.858509772172
2,0.674166371048,0.0649897440982
2,4.3468728986,0.275049258087
1,0.347755008554,1.60793241696
1,-1.25750695863,0.440741528838
2,1.32280791511,-2.30412650592
1,-0.831529933118,-0.0015952509165
1,-0.0768426774324,0.119036546063
1,-0.381325065306,1.00231649868
1,-0.0051011484244,-0.895738043742
1,-2.18752895764,-1.31477915473
2,2.39320804955,-0.305514573303
1,0.0978245043637,0.149606063433
2,1.93826643378,-0.223450909593
2,-1.3601661844,1.01313953241
1,0.0913746536896,-0.387633217049
1,1.01534626903,1.09927386624
1,-0.813460976007,-0.992429662459
2,3.56323324065,-0.0915714604073
2,2.70645414063,0.883625499465
2,0.213168010664,-0.439363887187
1,-1.16970550876,0.267059992492
1,-0.36924013024,-2.77749111471
2,2.57573815256,-0.174700203268
2,1.31419257848,-1.71032139962
2,0.236202034042,-2.03379948154
2,2.4428103531,3.62865133741
1,-2.76176610313,0.222930209359
2,1.48886762508,0.0486660722595
2,1.33062571591,0.740610015376
2,3.31702719783,0.439672778843
2,0.701654477891,2.92781740049
1,0.508249579046,0.5677439115
2,1.74381866974,-2.80959253811
1,1.32894767466,-0.450099577112
1,-0.455183734477,1.48440315022
2,-2.19661241393,1.70491698027
2,5.90088258199,-1.02706207991
2,2.19438193346,0.547106193988
1,-2.23305342201,0.175022947468
2,1.26194429973,-3.91268383544
2,2.31104822854,-2.14287271417
2,-1.42007394865,-0.277056725461
1,0.327569926882,0.0284387960937
2,3.16409232151,-1.09783454348
2,1.46507204939,-2.47533035992
1,-1.05654431309,0.168181676418
2,3.10671037893,1.47440387219
2,2.50651246389,-1.30106726119
2,3.96109735464,-2.65550251528
1,-0.397626942798,-0.165239498463
2,0.430480837525,-0.24514490082
2,-0.421810534083,2.86180468925
1,-0.408735596075,1.41063033895
2,0.194057459124,2.62204446288
1,-0.95783736346,-0.214287029922
2,0.500034074423,-0.217778462056
2,4.70685963783,0.682620248281
1,-0.869398060587,0.728668165879
2,2.75214426941,2.40862244147
2,4.34824479592,-2.13803366412
2,-1.63586971779,-0.362319507791
2,1.6889748065,1.14668437718
1,-1.25796357454,0.694200691147
1,0.746763115097,-1.18955519526
2,4.28643099721,0.906626680594
1,-1.22747734452,1.32788934977
2,0.689406539421,-1.72111231414
1,-0.368380844562,-0.516572314257
2,0.461018485326,-0.697230406898
1,-0.0830640056992,-0.173516217935
1,-0.037159238565,-0.188292855488
1,-0.0130939443485,1.22514830641
1,-0.0632312043577,0.293220910069
1,0.110760291377,0.541495481399
2,0.660948936156,-0.3636590943
1,0.641840883809,-1.31614158252
1,-1.87342852841,0.787725379853
1,0.351992800265,0.11459619824
1,0.902676151702,0.604590369307
2,-0.232575440811,0.458530554987
1,2.14076615472,1.02372220656
2,1.00889213316,1.27175992721
1,-0.190863951858,-1.7060316759
1,-1.06609926597,0.486144644173
1,0.786049723665,-1.29830747902
1,-0.135261332013,-0.916822744373
1,1.73789011029,1.14026996139
1,-1.25254124417,-0.0471454347199
2,5.20047222829,0.580694468544
1,1.24539947441,-0.303968458887
2,4.17578138519,-1.0903966928
2,1.56985185115,-0.938247583559
2,2.12433860911,2.60235050757
1,-0.926314262854,1.56308124007
2,4.43564989333,-1.27134414878
1,-0.281570191553,-0.220776161394
1,-2.22412971573,0.321435736414
1,-0.886329326934,0.550501530942
1,-0.87999206121,-0.397469160552
1,-1.20209876987,1.42057443304
2,2.35945952176,2.84171105348
2,3.68910214923,-4.55911479651
1,-0.950629675064,-0.859637225046
2,2.36488423484,0.705711916023
1,-0.941594082993,0.563422624001
2,0.987903085712,-2.98788821111
2,5.15663889514,1.06280364291
2,5.49901666427,-0.106792800858
1,0.278384315831,-0.395579319604
2,1.09456068737,-1.57959832089
1,-0.450989222623,1.47752720114
2,1.00648837383,-0.955792295057
2,-1.07171470799,-0.0149599415849
1,-0.819025255648,-0.649474969833
2,1.97708144759,-0.962476115191
2,3.22590810181,1.2782033627
1,0.308451937719,-0.451748259105
1,0.510757638981,0.519301724018
2,1.79687490199,-1.10888396557
2,0.392945221305,2.853964611
1,-1.71499390695,1.32972536127
1,0.502402609556,0.276561933548
1,-0.205022472766,-0.743819263368
2,1.21055386951,-2.96682822258
1,1.12926372149,-0.388400585319
1,-0.0257841333123,0.806504342668
2,2.34903261167,1.27378918235
2,-1.5654816996,3.00724819255
1,-0.730141731596,1.58625317183
2,0.488393855942,1.28732218721
2,2.46671889725,-1.80254261483
1,-0.705252700089,1.10993065596
1,-1.3726058312,-0.0202513989849
2,2.70858307681,1.9612986225
1,1.93338247556,0.0826946108331
2,4.22265762973,1.12475691931
2,1.20826848777,-0.738092883653
2,1.4742632764,-2.23929611338
1,1.3364539541,0.943875346053
2,4.10800297645,-0.78372706124
1,-0.914747213787,0.999898650075
1,0.776846777352,-0.196310607449
1,-1.35052234023,0.361985194765
1,-1.79817986367,-0.0755125785912
1,0.676619374505,0.540199714357
2,4.17148693985,1.73457599337
2,1.73809240448,0.550039370038
1,0.918657889028,-0.186743367327
1,-0.951665850482,-0.639371440083
1,1.56271296389,-1.58043481231
1,-0.756664124813,0.45990062445
2,1.57841030522,-1.40188890122
1,-1.2296733111,0.804656379086
2,-0.167072484939,-1.74906202698
1,-0.387206992314,-2.06748110879
1,1.38420136432,0.153214563026
2,3.38427568384,0.362971946245
2,0.213485679963,1.35855744421
1,0.596994234476,-0.346458788491
2,5.59440299556,-2.13460662849
2,0.368184907323,3.62850641791
1,0.702824081796,-0.594402625809
1,0.0401416990952,0.507073585763
2,0.0932840977893,0.895198299849
1,-0.445423735622,0.471720429423
2,1.28263557216,0.607167238641
2,0.414915276243,-0.867892940604
2,4.75096770651,4.56198621038
2,2.33941093163,-3.21510779355
1,-1.86910319679,0.152819085865
2,3.98643239144,-0.570309849516
1,0.0311172875776,-0.140223343038
1,-0.48513384752,-1.28176423162
2,3.9447720153,1.85472538297
2,3.709394521,-3.23787723112
1,1.35420056994,0.354903156829
1,0.219731796822,-0.376041163981
1,-1.36935348588,0.248229300924
1,0.0509568563766,1.59682169003
1,-0.191598387182,-3.08377251008
2,2.99397335531,-1.12469315555
2,2.35080547627,-1.23932672763
1,2.07275572857,1.03803760367
2,-0.955908222269,-3.248379802
1,0.191838878295,0.184810225738
1,0.057569598898,-0.212186918153
2,2.09387671631,1.51541884249
1,1.0415432356,2.69166848403
2,6.02348834043,0.363802497099
2,1.88525381339,-3.76857029002
2,2.67729806292,3.14388604486
2,1.84578628972,0.976706115679
1,-2.08012429407,-0.28949613733
2,2.39094174611,-0.022841255879
2,4.48556150432,-2.3830184974
1,1.09607573472,0.565390649501
2,2.62037214171,3.37187702458
2,3.70871071919,-1.75384762586
1,-0.552465253319,-1.72681352771
1,0.482949300769,0.324934055564
2,-1.56753468226,3.29009348778
2,1.3992351845,0.330265532798
2,1.16263221879,-2.08680108964
1,-0.214717890293,0.991637283351
2,-1.62561928555,1.03330160721
1,-0.189987804885,0.530914833587
2,-0.953106193626,-2.27028978721
1,-1.66019659792,-0.237001360281
2,0.121402687375,-0.255614652266
1,-0.459344291261,0.201685323803
1,-1.14674807108,0.161002371379
1,0.676617205178,0.585408277281
1,0.178371418664,-0.550792373347
1,-0.570918429282,-0.161367880953
1,0.400836614855,-0.0552988154187
2,2.3846979444,1.81864895354
2,2.89741961786,0.710118100192
2,2.961287081,0.457844193804
1,0.820494478343,-1.6927435838
1,-0.0854628119248,-1.15435682737
2,-3.12633585221,0.850103925438
1,-1.33183511875,-1.06068317226
2,-0.366721943806,-2.74770844911
1,0.340681953992,0.961738784024
1,-1.10881651681,-0.554041293165
1,0.14767178601,-1.06498279411
2,0.874096122859,-0.312325581061
2,0.940160187944,-0.555737256124
2,2.56096676465,1.00971579121
1,-1.13471573713,0.0774843158928
1,0.524372474596,-0.651523863706
2,-1.55662765417,-2.15308671444
1,-0.351246111439,1.23117951135
1,-0.236944420446,1.1247833107
1,-1.26267495041,-1.18652749362
1,-0.807704920214,-0.269219890785
1,0.271903766328,-0.0806709182879
1,0.13510846953,1.02991027917
1,0.329399855954,-1.29731580278
2,2.24423630293,1.82282007596
2,0.800355394415,-1.23388633443
1,-1.21871856634,-1.43012617842
1,0.233267813797,1.50718850915
1,-0.269706984867,0.625528191208
1,0.107334003427,0.453077683106
2,1.48530583398,4.36898141346
2,-3.71520760922,-0.67390358946
2,1.67433769447,3.44319332762
1,-0.505006498303,0.213013440007
2,-0.0285693883238,-1.84077441335
2,3.18181758994,-1.4809848513
2,3.01841179708,2.39489055312
1,-1.27905644973,2.06556688621
2,1.5359936889,-0.711500274216
1,2.58246623161,-0.460037780684
1,0.210642984645,-0.298890633184
1,-0.046175537607,-1.2369133501
1,-0.321936089199,-0.120620928389
2,-0.991740096301,-0.173232628684
1,-0.729942204659,-0.879960894841
1,-0.403845160229,-0.795318228117
1,0.829417710728,-1.54448410965
2,4.26345888995,3.27272955282
2,3.7069472822,0.592788099928
2,2.37218862223,-1.14122261649
1,-0.0835000342718,0.988093940649
1,-0.645007601657,-0.477056619167
2,2.0175648224,2.21075286969
1,0.122383764275,0.785172245781
1,-0.42306582991,1.34280137466
1,-0.566280538674,0.434342721819
2,-1.33754076858,-4.54668898002
1,1.32597214005,-0.349814857311
2,1.82285706399,3.30241183157
1,-0.283680938142,-1.03834731986
1,-0.14833908062,0.361783729603
2,3.01348235459,-0.0119586814127
1,1.02741723813,-0.624288282682
1,-0.821510031206,-1.17434529927
2,2.37814121055,-0.303298112682
2,3.695593123,-0.13745375181
2,-0.28168904643,2.25848433567
2,-1.99552345654,-0.928544966962
2,3.97783933878,3.13825818453
2,2.71916753846,3.8379113951
2,3.50322640126,0.609640516933
2,4.02470074611,-1.35435388452
2,2.20628144359,0.951756118117
1,-1.68470581153,1.64842261771
2,1.8384879288,-4.9636399494
1,0.596194569864,1.17458145971
2,4.42978237154,-0.656340773013
1,0.54978719439,-1.41763279065
2,0.196180308579,3.16810745588
1,-0.449884858025,-0.351888774383
2,2.43443887989,-1.58711432427
2,-0.59461974777,-1.74503347563
2,2.45620197004,0.862207902798
2,4.61093100338,0.876786298806
1,0.403962406237,0.890345504583
1,-0.735289306328,1.53701874409
2,0.197247306044,0.557771415237
2,3.22732862172,-1.22553717427
2,4.48453253885,-3.41781369642
1,0.691890329941,1.14535393246
2,0.273884987499,-3.49047283592
1,-1.64394888589,-0.0783256022781
2,-0.06845960307,-0.575088612578
1,2.18219330799,0.136144181313
2,2.48222907326,0.735056903262
1,0.768395247951,0.966196033228
2,2.30010712754,-3.65124962398
1,0.42488669414,0.770879689616
2,4.19823333536,0.305538181435
2,0.00580134290863,-0.032008871491
2,0.738733649461,-0.910460153291
2,3.01126307918,-0.190878415463
1,-0.865398338013,0.203831414367
1,1.23813997335,1.03794428453
2,-0.221537644442,0.349706279598
1,-0.492067873998,-0.0249390889905
2,2.73017590507,-0.089761173277
1,-0.320137268722,0.0731376517446
1,0.376925566005,-1.27827747093
1,-1.1977454344,0.0287541692772
2,1.83779401346,0.288031023838
2,4.21855470912,2.52877150488
1,0.658437371,-0.0615357835919
1,-0.316407804757,-0.136670953943
2,-0.154145621191,2.35729900101
2,2.49361541425,-2.12327222854
1,-0.801075044441,-2.20668164434
2,-1.9802011134,-2.45118815929
1,-2.11193130791,-0.785857764502
2,0.179341115799,4.34903020481
2,0.628741232151,-0.773724228163
1,-0.543554871873,1.81932908816
1,-1.95920923494,-0.799795758704
2,2.34361716172,-1.26337090248
1,-0.0502011041158,-2.08809986309
1,-1.21631930437,-0.0732703857394
2,0.730399744862,-1.53379978752
1,1.35080320033,0.134220917079
1,-0.623575140798,0.969806865549
2,2.29915445574,-2.38466853353
2,-0.638869820785,-0.587778115391
1,0.298470897868,0.379586341425
1,0.907890230895,0.273848417507
1,-0.195545467774,1.17126465335
2,0.335942309211,-4.6058489541
2,-1.61460256573,-2.65801693522
1,-1.40534539767,1.32921232395
1,3.09975510182,-0.906848559928
2,3.56690269018,1.91833954872
2,2.49750634384,-0.363262847863
2,-2.3541227897,0.985374734886
1,-0.881477988007,0.637594092709
1,0.526143864167,1.74955677496
1,-1.0696126732,-0.5201683473
1,0.353019444786,1.72243784232
1,-1.4524047591,0.946519038283
1,-0.491857510744,0.0198300170165
1,1.52198297808,-0.434595818828
2,3.38647109013,0.489630174505
1,-0.369594575108,-1.01039763665
2,2.90013326687,-2.41656479593
2,1.23473622099,0.320852286931
2,3.66750107204,0.525881953782
1,1.24639574132,-0.274387136262
1,-0.0291592505213,0.839378053762
1,0.665661602518,-0.719463443565
1,-0.103090652521,0.0449490120652
1,-0.958170101877,-0.727949386911
1,0.462745907747,-2.54729525678
2,0.308744422957,-1.16737545108
2,2.37522042076,0.668085998311
1,1.28980586033,0.399127737465
1,-0.824674971169,-1.01133780927
1,0.23663400704,-0.219850621605
2,2.25150307735,0.178210794687
2,6.32186297948,1.23455515432
1,-1.03629035233,0.435979475989
1,-1.80980642085,1.39546735053
2,0.36065664564,-3.11875748273
1,0.239355654408,0.416523554929
2,5.03507282328,-1.42836188493
2,3.49279086801,-1.77231049537
1,0.0802438624011,-2.42015363605
2,1.54607762721,-1.59156965144
1,0.724206110467,-0.0342717206463
1,0.798336143678,0.900861806405
1,-0.682563760911,-1.27049482059
2,-3.06927899704,2.86934115217
2,3.90466098614,-0.330256753064
2,0.364429650132,-1.81842820676
1,-0.246373660481,-0.00513084871394
1,0.0556352413187,0.741089067004
1,-1.81032205556,-0.987900545479
2,1.47264434043,1.84037315497
2,5.65503661927,-1.55246524564
2,3.81763297447,0.288594829976
2,0.443353192782,0.50799328647
2,1.26841371957,-4.14031695692
2,3.58460003835,1.13734921007
2,-0.0553954194162,2.1763095268
1,0.568708535784,-0.0321363328679
1,-1.57155504757,1.39058380713
1,0.632562646915,0.247265785339
1,-0.612120433674,-0.749344711321
1,-0.401264434248,-1.50148034512
2,4.76341165701,-1.40819443933
1,-2.03054583849,-0.5109781479
2,-0.246966410244,0.501489781509
1,0.730677717019,1.34383601852
1,0.1272971427,-1.50315162686
1,-0.650294671441,-0.333022852407
2,3.49862847746,-0.895097592448
2,-0.759241849417,-1.49786709734
1,0.497472826125,-0.60040138786
2,1.01189217167,2.23736331799
1,0.23358087338,1.13069109819
1,-0.0603818988889,0.0380451756002
1,0.684640290875,0.28723379006
1,-0.448357359183,-0.94075109827
1,-0.0205499076681,-1.37749930192
2,-0.247898639438,-2.94302241844
1,-1.25190613447,0.524129196461
1,0.578362505286,0.647046193252
2,0.370117886048,2.04624272691
2,0.304877806855,2.10498340138
2,2.04587841348,0.864256865299
1,0.978707419754,-2.43569480181
2,-0.695803609186,-5.09323280234
2,1.23029804864,1.16750317232
1,-1.02309225914,0.814011379156
1,1.19408185912,-0.225571223351
1,0.535087838162,0.132573899926
1,0.534697872261,-1.7861183134
2,1.15158776734,-1.5823797404
2,3.69455322467,2.43805801328
2,-1.57662351859,0.467899927154
2,-2.25101899672,0.139288820463
1,1.59535715463,0.0492513097594
1,1.07040117246,0.169883153134
2,2.37073778095,0.0345109943666
1,-0.689202577934,0.660535051898
2,3.56931800445,2.53941361791
2,0.360187211131,-1.29259464225
1,0.67535008367,-0.343722292698
2,5.90211021293,-1.28601693236
2,4.93059136185,-1.12903341706
1,0.518387069784,-1.79681644335
2,-0.813919722665,-0.188942157115
1,-0.235781298484,0.554480165901
1,-0.298763535805,0.659880256305
1,-1.36740348756,-0.88702063271
1,0.0777511445656,1.59204262691
2,2.7109592611,-2.21617411776
2,-0.32271945325,1.11189015438
1,-0.505612060188,-0.000311302991883
1,0.808463830041,0.264684712812
1,-0.824121221831,0.38264062442
2,2.45401082951,-2.49034487473
2,0.0224404692528,2.37438015581
1,0.11890137717,2.28329811573
2,2.57546272485,-0.513849367769
2,2.94548644829,-0.433448696179
2,4.2421305746,2.73158313389
2,2.74909047691,-3.02318945656
1,0.117233866642,2.09015649683
2,2.37973955355,-0.627123599526
2,4.11962914267,3.2535338778
2,2.949553621,1.93526134251
1,0.121546101717,0.652617818014
2,0.406568155369,1.02802827076
2,1.77153135497,0.881687829066
1,-0.212329878101,-2.24668717422
2,6.00135165425,-0.773470634951
1,-0.984822954841,-0.0621400731748
2,2.22226747999,-0.948282651996
1,-0.678293542376,-1.75362676027
2,4.16659314821,0.495496867783
2,2.50013250398,-0.0496066941479
1,0.265173292173,0.0265353019804
2,-0.614375333908,-4.71075156738
2,5.25581307757,2.61615428814
2,4.59644512603,4.16931812712
2,1.98812730517,1.02750254068
1,0.83627479596,-0.512438064492
2,2.87318099392,-1.86289150382
2,5.50614638325,1.59061050701
1,-1.43417663602,-0.586248845382
2,0.166278051743,5.85975990188
2,2.86562735273,1.70098833963
1,-1.47716223985,-1.80314916065
1,0.832901644889,-1.18098244977
1,-0.0809157246214,-0.825468999902
1,1.81367378698,-0.101710165638
1,0.447937699051,0.880428480973
2,2.55317171764,0.260292810549
2,-0.730213527295,-0.309608766966
2,4.72786725897,1.3087612487
2,3.73971856492,0.525550146493
1,0.16632945484,-0.244382004168
1,0.0701910784506,-0.104984599517
2,2.15930966769,1.90991301949
1,-1.06323078162,0.199767287266
1,0.0525245054786,0.88957117227
2,-0.663695711558,1.86483098851
2,-0.0223261257374,-0.951683950792
1,-0.17149523149,0.290501531593
1,0.0982074127537,0.463384050167
1,-1.27920401823,0.146092186862
2,3.41101581718,-0.299807071688
1,-0.124625756375,-1.80378219596
2,-1.8550728249,-4.44371782605
1,1.29178990698,0.428092403745
2,0.810855326484,-1.67972457672
2,0.105273170516,-3.2508520525
2,0.0468117062768,0.772494908052
2,6.82132828259,3.16756562917
1,0.826817245269,1.03363741796
1,-0.35700143897,-0.307595781144
2,0.82782382344,2.15163446381
1,-1.46927757935,-0.527532147823
2,2.00215554802,-0.379010139255
2,4.52334596653,1.0438772542
1,-0.905332385964,-0.910723985557
1,-0.696838055805,0.155387507024
2,-0.69378849208,-0.819987145288
1,0.672594331314,-1.63032099271
2,-0.231616496777,3.10497299388
2,-1.07159287615,-1.4630221597
2,2.07660043852,-0.642327417955
1,1.99132937608,-0.11753886095
1,-0.704572585211,0.71674180632
2,1.39981574705,-4.74783391702
2,1.19863087287,0.180175674285
2,3.97402038084,3.79433428141
1,0.0512477778644,1.18300060102
1,0.0482695188392,-1.06050964427
1,-0.241130119019,0.0412608070677
2,1.52444854651,-1.4353313575
1,-0.632544067547,1.7851087763
1,-0.296471132478,-0.299612921227
1,1.97970611623,1.01754440824
1,-1.238251286,-1.18343398647
2,4.54197470281,-1.29084018883
2,2.06854900488,-3.55792995743
2,-1.08929133235,0.781248062781
2,1.61369580989,0.708239328436
1,1.85369038417,-0.726490550004
2,1.27243072618,0.687951711364
2,2.82333752191,1.01768275024
2,3.12718265155,0.113560921935
2,0.516093198228,2.55171322277
2,0.573640849429,1.23729443127
2,0.931949494484,1.61107692457
2,3.04675153846,2.44853625122
1,-0.213562119053,-0.734434447488
1,-1.6009458121,0.22205440328
2,1.38779307815,-1.22948275217
1,-0.565439973037,-0.911614736007
2,-1.27256786921,0.387752535248
1,0.478302865976,0.8736311994
1,0.339408586655,0.0579486893596
1,-1.90913397654,0.670263720266
1,1.48432764326,-1.03529769213
1,-0.683408344693,0.854055137995
1,0.11836795704,1.9327792951
2,2.66527158705,-0.597268050906
1,0.119374348812,0.275457006932
1,-1.04147209383,0.194256075417
2,5.65199003011,1.33125526413
2,2.37480200949,-1.64356145858
1,0.641984731878,2.52360306456
2,2.39851550221,0.343919278285
2,2.2030657228,1.45189010178
1,0.504098416025,-0.181334990553
2,2.22687097993,0.834790684064
1,1.84092363726,0.0561285249317
2,-0.619673700922,-3.14283417357
2,3.98721954999,-0.781497523862
1,-0.0756997372663,-0.714512235366
1,1.74547014332,0.690733650275
1,0.561146631307,-1.05333057044
2,0.924211720831,2.91838699156
2,0.623670727022,1.58010820609
2,-0.455679857766,0.865846757917
1,0.355527054923,-0.506444622478
2,-1.36482750683,1.01637313345
2,1.63393844547,-0.0430147595698
2,6.43920862711,-0.456383151974
2,2.27847081986,2.32009175674
2,1.89037197599,1.16341111213
2,1.68626427928,4.72183755081
1,0.051689289003,0.281937969958
1,-2.1243925051,-0.753755366686
1,0.634196184056,0.551449089607
2,3.79444184765,-1.05699862209
1,0.0608575972232,1.4261876542
1,-0.465956653338,0.105330789483
2,2.14319267443,3.14389814066
1,1.48387132598,0.903862735961
2,1.04875904015,1.7339832635
1,0.179443478571,0.841536393403
1,-0.726434531048,-1.1536791898
2,1.43198561839,3.64909831374
2,4.05405287204,2.44780745719
2,1.17268878786,1.10299395814
1,-0.00975402017348,1.1474928266
2,0.756717561188,0.840521335174
1,-0.70792473324,-1.11267363178
2,1.81227543086,1.03603229764
1,-0.0698127113557,1.39929801672
2,2.19592273883,-1.72754958509
1,-0.891274114628,0.272278937849
2,2.97640076879,-0.489747081284
1,1.27248977182,-0.0097572184283
1,-0.351354735776,-1.02691511371
2,1.05634978142,-1.44545645766
2,2.87391082519,0.989518094616
2,1.84884564244,0.193270043222
1,-0.37964656341,-0.84391289393
1,0.608725393754,-0.718690354587
2,0.668764348136,1.27992262897
2,2.58788958849,0.80733567583
2,1.5203646497,1.81827160157
1,0.872026188142,-0.175615841208
2,1.12626327921,0.821704853166
1,0.409383880618,0.724512391244
1,-0.379334462589,-0.878513334032
2,-1.59524328463,1.92924714997
2,0.787197724734,-2.11159789232
2,1.31696231711,0.898152312187
1,1.09537847504,-1.46013858993
1,-0.311939630623,-0.311098783682
1,-1.78345105516,0.927217240251
2,0.0134466555711,1.65086375429
2,2.32559287164,1.04988134266
1,-1.33551413548,0.235181741309
1,-0.252924594534,-0.46055401545
1,1.58742609119,-0.735444689525
1,1.4414802537,0.520171360774
1,-0.203836923724,1.20775788663
1,-0.0447634119128,0.0956860669212
2,1.74491280063,1.00512873116
2,0.856044650518,0.815067234712
2,3.36503438456,-1.4024351603
2,4.50265083372,-1.14618161287
2,4.36726511334,-0.984025534567
2,0.696612003896,-0.3965213066
2,1.48219956491,-0.154126097724
1,-1.12188211292,-1.66435411052
2,3.60900032597,1.51401327565
1,0.664883955047,-0.263078008743
2,2.25189220156,-3.99754772482
2,-1.63211042579,2.40750187628
1,-1.65791304367,-0.445494332796
1,0.0324640060231,1.53377818784
1,0.84634060042,-0.567798715593
1,-0.00403853325176,0.875399632058
1,0.598255644361,-0.227068915608
2,2.74576860773,0.486872660743
1,-0.244980870524,0.801068578652
1,0.737049237486,-0.205053174707
1,0.422145101372,0.664046323056
1,0.675020391295,-1.06037486283
2,-1.23106486558,0.12436940338
2,0.973717330946,0.350330579118
1,0.298807559596,-0.237962554147
2,0.200595441767,-0.604142681237
2,2.94860435111,-3.51123683293
1,1.2287062227,0.652277393288
2,3.46021408606,-0.063446970513
2,2.88896632999,-2.53994708207
1,-0.595430810621,-0.574995372204
2,2.31683348609,0.199771188464
1,0.553545485488,-0.172376051932
1,1.65478216256,-0.508940989883
2,2.44398824182,-1.75746067114
2,3.03180605173,-1.57285557676
1,-0.55977892984,-0.648050305775
1,0.917883173265,0.105608691909
1,1.56894991928,-0.678606040053
2,-0.806743217923,-0.0147881174765
1,0.0825587747615,1.20601117795
1,0.845086642756,1.98714911188
2,-0.231029128721,-1.39804048041
1,-0.0657807340847,0.358116358012
1,-0.940387617783,-1.94451808155
2,2.99915718148,-1.8032825069
1,0.146494248031,-0.998261088719
2,2.86127309945,5.52741800235
1,-0.275156348326,0.163939109562
2,2.79728802144,1.95113314523
2,3.61670904071,-0.518268124948
1,-1.2117525821,1.05326875629
1,2.26763722336,1.17535636937
1,0.549491294761,0.483280893622
1,-1.21049792786,0.319202285866
2,4.21857392812,-1.09498986254
1,-0.676677104244,-0.310744213858
2,5.85016424001,-0.574213812023
1,-1.85583620413,-0.462306678474
1,-0.46818740413,-0.509078111509
1,0.651119059715,-2.2301182601
2,0.610673404569,1.48906192976
1,1.31357201007,0.984078012251
2,1.21033132957,-3.56732782932
2,5.55983934511,-2.57153001083
1,-0.609872289063,-1.05737974036
1,0.397840069465,-0.277314830671
2,4.9259029305,-2.72836276707
2,5.68834858231,-0.567763670695
2,5.95131006261,-0.878674498582
1,0.182461366554,0.509603507641
1,-0.589509430674,-0.368437125888
1,0.0136082912611,-0.417423969591
1,-1.13259119124,0.275074046529
1,-0.886673488437,-0.160317100213
2,2.76063641269,-0.143711775251
2,6.48156263487,0.0847138778789
2,1.04873237895,0.047955979531
1,-0.448053092117,-0.25872684387
1,-0.520894414037,0.546918736042
1,-0.671945685117,-1.19262162612
2,4.52185340801,-0.963636161917
1,0.245831039574,0.656810943885
1,-0.596651237961,0.18145186383
1,-0.880787348474,-0.802768736088
1,2.84111384793,-1.38610533336
2,-1.71235421812,-3.56008637623
2,-0.334825144961,-1.91169203291
2,3.53877807055,1.3161356391
1,-0.980924933876,-2.27400634018
1,-0.912676997373,-0.833792828198
1,-0.370606888124,-0.111953550474
2,2.40045673586,1.39107000382
2,2.11948213251,-0.285877795541
1,-0.937866636823,0.598878419915
1,-0.522357909765,0.108029385384
2,2.81197983771,-1.11020229467
1,-0.035622067416,1.21485213635
2,7.16949564359,3.75580301235
2,-1.35013005561,0.0980897233267
1,0.511541415179,-0.836495501602
2,3.14623408407,3.60763901816
2,1.54850938207,-0.820539492572
2,-1.48075092796,2.39147055693
2,2.22395057286,-1.03720153659
2,2.3684929752,0.147318419035
1,0.30629488628,0.324464952018
1,2.4557579179,0.48248466726
1,0.386166489408,-1.44222608503
1,0.11011094215,-0.0278483963744
1,-0.663456913909,1.12772405711
1,0.474584179936,-0.929638279824
2,1.74857037371,0.178435816782
2,2.39449449542,-0.712012878901
1,-0.751551720001,-1.38701880975
2,2.04104019037,-3.63671141736
2,2.73365810173,-1.46650628372
1,-0.548091625905,0.792680255799
1,0.717913911509,-0.242524765135
1,-1.55269683638,0.251802242634
2,2.78424985479,1.21727246734
2,4.89223099943,-4.25705950236
1,-0.512654141275,0.101664988389
2,2.60714996068,-2.51827889476
1,1.03303852949,-0.413093144195
2,2.13372744911,-0.506258280128
1,-0.783117859559,-0.456553323689
1,-1.16428860678,-1.00886349709
1,1.05287098599,0.517997897415
2,3.48499009121,0.839003777801
2,-0.254378330798,-0.370017258439
2,1.31341562571,1.45040376591
1,0.0730597749395,-0.0497845915838
2,1.61978745076,3.39174989657
2,5.24236738673,-1.90479377603
1,-0.437522042375,0.589905036384
1,-0.318168168957,-0.319621255961
2,1.01730920858,4.3411342633
1,0.502716558247,0.62406204165
2,0.408455438462,1.05089134369
2,5.55577827892,0.987955922476
1,-1.02693819412,-0.913914236832
1,0.324792207951,-0.480784153639
1,0.914954730952,0.368766046956
1,-0.467161653952,-1.24215059793
1,0.748582855355,0.218907469787
1,-0.965826805867,-0.351066863599
1,-0.560308360865,0.150665593029
1,0.0821801171488,-1.60485224562
1,-0.766756397779,-0.398314460005
2,3.42667862856,0.944034127056
2,0.176668521785,-2.0344290165
2,4.37042397528,3.66240822246
2,3.04351160744,1.85416808477
2,2.98456589334,-1.24918097061
1,-0.197501482541,-0.596831271511
1,0.230767791839,0.35130434852
2,3.31688506497,-0.535406096047
1,0.79442861149,0.390759715117
1,-1.14663016881,1.15089845657
2,5.98002587192,-4.11029056954
1,-0.258458846628,-0.512224852347
1,0.476773574133,1.01719488658
1,-0.787311747155,-2.1741792066
2,1.69319139073,-1.39150948903
2,-0.069224280016,-1.61602007437
1,0.926275709661,-0.613626168635
1,-1.30918022035,1.42121727374
2,1.12591282667,0.188611321142
2,2.97376852319,0.724739270178
2,-1.14149039688,1.19544450335
2,0.434985717287,2.38031012901
1,0.605769121237,0.353667058393
2,-1.14242751715,0.539632463205
1,0.119955096618,0.370089747516
1,0.126468666432,0.213099156752
2,1.41819114162,0.636532767435
2,-2.35825429307,-1.59780969936
2,-0.00767965272979,1.22570301651
2,0.263664998331,-4.48807443237
1,-0.589000474062,1.09742462504
2,3.55380229869,2.6464916637
2,0.841821303962,-0.270594585646
2,5.05820207874,-0.565162461525
2,1.90430586301,2.05792214191
2,0.11000432468,0.414087768302
2,1.45062114508,-1.368367078
2,2.41670816029,1.78091734877
1,0.518795777119,1.18396451164
2,-1.32989067248,3.08407770388
1,0.790419979472,-0.485462489308
2,-1.48767620961,-3.58471422235
2,-0.0205026943648,-1.20402336928
2,2.8672121167,-0.00303643288085
2,5.24164027525,4.90189759861
1,-0.304544417361,-0.129780376592
2,3.49379503372,-2.83910731181
2,5.16556964139,-0.430884278073
2,0.142098205732,-1.3587846493
2,0.188556064176,-3.5620401669
1,1.67204960182,-2.62432062386
1,-0.208296962567,-0.488806282631
1,1.11167343874,-0.496015860182
1,0.177640783839,-0.451974233959
2,2.79633647106,-2.32877260734
1,1.46495882432,-0.176096340331
2,1.50991760734,4.09779038008
2,4.154302977,-2.1678494284
2,2.29856885507,0.472987325246
1,0.701207793396,0.459948801415
1,-0.364129028922,-0.527562695619
2,4.98085256129,-0.314261138758
2,2.95340784051,1.61874529953
2,2.91310462235,-1.0275143948
2,2.30869244929,0.520682674061
2,2.64741219925,2.70691892995
2,2.66885210913,-3.43391481852
1,-0.271534958292,0.178852237934
1,0.215289214563,0.479528079771
2,3.04988213139,0.0889219228018
1,-0.243665465114,-0.722294066144
1,-0.659865988624,-0.323631790614
1,-0.252451036394,-0.102465592733
2,3.49849057021,-0.393398064113
1,-1.77617281276,-0.820955149318
1,-1.02128886376,-0.0261957212843
2,3.66482201203,-3.25642675679
2,1.05158346136,-2.77633316829
1,0.226880841987,-0.460223001177
1,-1.67393035792,-0.429948825766
1,0.945141331644,-0.946943327571
1,2.61662492509,-1.85912764322
1,-0.789825567438,-0.155601707372
2,2.82669257823,-0.0232338105497
1,0.557912706258,-0.268172078164
2,5.31165978286,0.683659149194
1,-1.60667625911,-0.513344736012
2,0.833783823174,3.32161569305
1,1.62672566725,-1.4832786564
2,5.24859088484,-0.934309081529
1,-1.16404084372,-0.622475132782
2,0.652794804482,0.847567078328
2,2.51650933739,2.08535999753
2,-0.3013958831,-0.0161972179724
1,-0.0427244252053,0.494796260946
2,1.91904307704,1.15979317773
1,-1.30012416248,2.2050407217
2,-0.847568769023,-3.66646457429
2,2.03914645462,3.53471878514
2,-1.82774538675,-1.97650262395
1,-1.24723536651,-0.806093784617
1,1.4413350998,-0.488285598378
2,4.44603726046,2.34464769338
2,1.38846644662,3.97303259584
2,-1.06846305058,-1.90078793517
1,-0.120250085882,-0.743558260669
1,-0.484008319575,2.52651919434
1,0.539011572889,-1.18273215624
2,0.91780185177,1.52817629629
2,0.00130237843295,0.0248337681668
1,0.183273978282,-0.346245872354
1,1.64591807747,0.64639293641
1,-0.238721170081,-0.24747169588
2,4.29614122384,1.03091121806
2,0.7096124169,-1.41731312274
1,0.788102436069,1.18793499627
2,-0.508962444172,-1.67650496392
1,0.917702383419,0.224872330807
1,-0.0929415855578,-0.126387123641
1,-1.09978724093,-0.349474621176
2,0.624845976256,-0.0231584172463
1,1.00186775145,1.54110707607
2,5.00705201089,-0.353319460163
1,0.057690794824,-1.27574596385
1,-1.52913793323,-2.43214344698
1,-2.30053445045,-1.29625732186
2,-1.01932644097,-2.39494221202
1,-1.36590019367,0.289476136163
2,2.21058710926,0.367243749422
1,-1.10086567975,0.868033949198
2,3.14503044322,2.29135620241
2,3.6575161357,-1.96320229131
1,-0.661440669227,0.879184399963
2,1.03284150431,-1.38405198021
1,1.19075025361,-1.7595878549
1,0.996382001145,0.225510885293
1,0.198574756429,0.0823546879584
1,0.602245521933,-0.897313903548
1,1.75491356093,-0.272979829337
2,0.00579697777249,0.488237093592
1,-1.46810994297,0.19703011732
1,-1.32778258276,1.38084918417
1,-0.488227282859,0.880368299605
1,-0.592100425627,1.49624985025
1,-1.33975356093,-0.909567528582
2,-0.263507297516,2.19844652583
2,2.46281380572,1.24061439698
2,2.5246690958,-0.319986766762
2,1.79450412557,3.18224655924
2,1.82444998589,0.47334597707
2,5.6172895479,2.5913214088
2,1.93015274856,-0.857551521435
1,-1.04885240514,-1.06976033107
2,2.8448508051,-0.51262726278
1,1.14465894157,-1.04578193781
2,6.86915432582,-1.96350256469
1,-1.55991081521,2.53976757978
2,-2.02654985863,2.02242764478
2,3.0135228787,-0.476754324047
2,1.05604363585,1.96353853258
2,2.75411306954,-1.97162534362
1,-0.566147044866,-0.485267913449
2,3.25109729749,-2.45334816543
2,0.709893949397,1.62948378039
1,-1.71475796475,-1.13975602854
2,4.09318935789,1.41690361057
2,-3.45253896942,2.20696988037
1,0.131778812057,-0.387491556059
1,0.859530350487,0.00525388853114
1,-0.512046798598,-0.111547716515
1,-1.9746116605,1.53526369391
1,0.108823255778,1.1548927222
1,1.09537867215,-0.27754433899
2,3.33715938915,-0.055864780016
2,4.31503807091,-1.30833635197
1,0.799531708368,1.2812729258
2,5.69532156046,-2.45097787113
2,2.34725643174,-1.37208297132
1,-0.261177339412,-0.562909039696
1,0.509322401262,0.566342935217
1,-1.03776028265,-0.190809356519
2,0.407692295271,2.25757703949
2,-0.0353655481361,0.23643528756
1,-0.342708802205,0.943376749513
1,0.376187782283,-0.534954553879
1,0.604308117399,0.186553553322
2,-2.80983285178,1.10978588624
1,-0.0967529735643,-0.470450004546
1,-0.00742053075424,1.82862634987
2,5.93078909304,3.37314207611
2,2.11493790646,0.203832384045
2,0.0228901308997,1.94920447267
2,1.85590502902,1.3644492327
2,6.14748636556,1.27215311422
2,3.23574026119,-0.284551084393
1,0.585324624281,-0.131114787557
1,0.935067111661,0.729418946242
1,1.55896200054,-0.405402274099
1,1.88730395282,0.129613435999
1,-0.0651490832636,-0.789833687641
2,-0.140788524067,0.952300411626
1,0.815587202939,0.36927263717
1,0.29566253502,1.20445680314
2,1.51166138738,-3.28691917806
2,3.59063605176,-0.938745466149
2,3.74102818871,0.781213787323
1,-0.281967951283,-0.469028640931
2,2.59485721832,-0.028121377719
2,3.85123969567,-1.56669797811
2,0.683607255458,0.592955524354
1,0.652401248121,-0.989604349724
1,1.62692983571,0.0236240242467
1,1.64167895275,0.965128062693
1,0.862459108391,-0.639633200182
2,1.17109043777,-1.2425598048
1,-0.432256646464,-0.477532359198
1,-1.14917269538,-0.653812324123
2,4.63641586606,-2.34328952734
1,-0.207131038666,-0.0569307582077
1,-0.447719991759,-1.32748404012
1,-1.95834907986,0.808029490192
1,1.10774400149,0.0334954760681
1,-0.0458621861701,0.16167061889
2,1.51766505813,-1.2390586309
2,3.95790495566,2.03041984039
2,3.87923496124,-3.95739491566
2,0.0663204906221,0.850799042912
1,-0.166217319705,-1.23426040236
1,-0.624521724879,-1.08446425277
1,-0.743809009517,-0.0269552033702
1,-0.63051625697,0.992099814468
2,1.30935299318,-1.21838299528
2,0.839302314169,2.98483197146
2,-2.20449613009,2.1317356432
1,-2.17067980327,0.727207520413
2,2.50070625173,0.762683458302
1,-0.929255014279,1.11781784756
2,1.44679336997,0.293024251101
1,-1.43778857161,-1.21526662335
1,0.0753259796256,-0.399261375567
1,0.0375434916128,-1.05147195742
1,-0.00579721101296,0.843963725543
2,3.86583164915,-1.1680669041
1,-0.756576269912,1.14262868833
2,-2.92593004852,0.99213950431
2,0.407166482875,-2.46131407111
1,1.0941899807,0.0992593440684
1,-0.98784175172,-1.01702954415
2,3.41120125565,-0.349874534281
1,-2.28785076406,0.939796519042
1,-0.939862965913,-0.581118666719
1,-0.437268942442,-1.5740196661
1,-1.00389090199,1.2802902051
2,2.38309490371,3.34358412878
1,-0.0642587973622,1.10457048947
1,-0.961001499936,-1.60593092553
1,-1.53732942009,-0.227637717265
2,4.28392705763,-0.646267650505
2,1.71238196897,2.87011168652
1,-0.725126036853,-0.130399038301
1,1.24633603211,-0.437330408375
1,-0.251810601652,-0.500024543019
2,5.00899289559,-4.3428220504
1,-0.224922432496,-0.0921011424514
1,1.90993553986,0.699886866333
2,0.0287130518604,0.875062428836
2,0.655259682177,1.98411886142
2,4.15919082982,-2.26903639185
2,3.59347257405,-0.486739493399
1,-0.428976104325,-0.117868204006
1,-2.41235489313,0.148864196398
2,2.49254967613,-0.664363313972
2,3.69669027236,2.09924657508
1,0.889190424209,-0.516728322485
1,-0.450921284331,-1.09046404693
1,0.0258030216415,-0.892197458005
1,0.797782078075,1.9883732434
2,-3.28634781827,2.15320425459
2,3.50069952194,2.05553501696
2,0.995848571492,2.61499574113
2,0.370979617296,0.287604165716
2,2.42060999216,-0.388797166177
1,-0.824906930314,-0.521153073824
1,0.222513476167,-2.4166773486
2,2.5188120246,-1.56733157483
2,0.104353390099,1.95329976961
1,1.04054170985,1.11907417115
1,-1.50173874832,0.14808897981
2,2.68817593219,-3.11895134426
2,6.50373622509,-0.138811435571
1,0.191647765117,-0.259352706453
2,3.58136658389,-1.10036682008
1,-0.292458835356,0.989882387977
1,1.88352313006,1.44096085193
1,-0.642803995283,0.383779685012
1,0.143691092305,-0.0180415246527
2,-0.970433430645,-3.72769518501
2,-1.87489199489,-1.48945106711
2,5.90756338968,-4.32502340923
1,-0.403869552638,-0.519860387245
2,4.18387498075,1.38599918307
2,1.78678777412,-2.1316925444
1,-0.868923905494,0.223774726128
1,-0.21161080005,0.651116534724
2,3.10738130396,-3.63098984148
2,-0.230720955022,-0.526047437755
2,3.11236385601,1.63463515259
1,-0.044769623192,0.312114635006
1,0.839884050871,-0.656957720359
1,0.25131729957,-0.601398678633
2,3.2381114791,-3.92813132924
2,-3.50762986768,0.946687706997
2,3.1361172084,0.740689027598
1,0.541746167659,-2.39674916575
1,-1.11169489008,-0.557361948453
2,-0.00386951686399,-1.71446393757
1,-0.889625178516,0.138835902068
2,-0.939003887871,0.651865118376
2,2.30685101919,-0.177398533298
1,-2.08629100328,-0.712911512627
1,1.52692796846,0.376456209776
1,-0.943022883392,-0.778963831462
1,0.779554540837,1.66010844506
2,0.311678579756,-0.830047787854
2,0.239659478959,-0.265333820608
2,1.82232409653,-0.632261459485
2,4.66833925092,-0.957651566465
1,0.708160244538,-1.22396208272
1,0.833109719027,-0.887840018207
2,0.534597444245,0.596497973912
2,-1.04666771703,-0.00524971253342
2,1.14474674534,-0.467379542059
1,0.683655450791,1.93229262843
1,1.51607524181,0.134455258354
1,-0.24924717321,0.178659983016
1,0.351841233265,-1.40271668688
1,-0.446348047199,-0.350867816109
1,-0.908073786141,-0.491202415844
1,-0.639686139028,1.75154186955
2,-2.08168423721,1.94658680425
1,1.09545662657,0.468142568191
1,0.778787634285,0.515457756025
1,-0.634753387705,-2.77661060288
2,-1.09163956687,1.88284279294
1,-1.03316982718,-1.34711217623
2,5.85561514743,-2.2866186462
1,0.701476507596,-1.91352840883
2,4.44089067425,0.0412104928484
1,-2.23694783764,-0.46120474631
1,-0.0355834277212,1.1185437358
2,3.85515320168,0.405257250261
2,1.19012306946,-0.194655990388
1,-1.04086358476,-0.954212409057
1,-2.2730791745,-0.723678772334
1,-0.607517369344,-1.38111929305
2,4.36723476091,0.0143318598443
2,1.99631329817,0.140675009723
1,-0.392034544104,0.805967464714
2,0.307450117089,-0.751106969473
2,4.31331466546,2.56669797227
1,0.272327484481,0.18901311599
1,0.547145330915,0.38306905975
1,-1.35550724621,-0.822727527268
1,0.09213193681,-0.9954131082
2,-1.2730364242,-2.1470107692
2,3.76470670993,-1.56726943531
1,0.32848454753,0.797511633557
1,-0.162950638489,0.0215205415591
1,-1.47464099673,0.475554994512
2,6.57055073184,1.15542293528
1,-1.66647157036,1.02809151469
1,0.732312267087,0.992168884171
1,0.560122558108,1.33725011959
1,0.215418314667,0.378848967764
2,1.38886426278,2.69653509259
1,1.25124884861,-0.452217657851
1,-1.09165661547,-0.710008815404
1,-0.815143139877,0.59372941938
2,2.23917312601,0.0228554530645
2,1.66171893408,-1.32302690667
2,5.3582168986,-1.70581170492
1,-0.981735445496,-0.545973425669
1,-2.41500472522,1.3596429265
2,3.8333209101,3.2319240433
1,1.58831553448,-0.606899035109
2,1.30984147644,-1.36157358611
1,-0.677196683817,-0.352894623691
2,2.65949260884,-0.215868754304
2,3.28427687262,-0.498959178658
1,-0.162357746634,0.532065556148
2,3.66567384729,0.809308385046
1,-1.47253877263,0.213512322704
1,0.992367993683,-1.42903025186
1,-0.600761149652,-0.671444009518
1,0.183226068077,1.14973549195
2,5.38026570151,0.128623167586
2,0.812515546347,-1.01080738974
2,0.333387170914,0.416714601333
1,0.41133186429,0.110740942344
1,-0.221658754039,0.457499232383
2,1.06746190792,-0.116090590104
2,0.384943984415,1.45564476159
1,-1.28308754906,-1.44753944482
2,1.52978738591,1.56156868774
1,-1.46914440202,-1.55183749442
1,-1.66881195334,0.405066767742
1,-0.399114269477,-1.36277158766
1,-1.07620437425,0.68321878356
2,0.637237648522,-2.58389871365
2,1.25326154329,1.37853334875
1,0.0432306156027,-0.726236092012
2,1.77486582258,-2.13532063897
2,5.78415126144,-0.788851150645
1,-0.235178453349,-0.910253922371
2,5.57828956269,2.38689244289
1,0.344074417083,0.854871616204
1,-1.109374335,1.63851094912
2,5.43096379156,-0.109853979586
2,-0.591941757736,2.30002117915
2,3.05111353423,0.162182371719
1,-1.46295912159,-0.248805142326
1,0.832651716945,0.120557153403
1,-0.157662375795,0.657822702956
2,2.18072919363,-2.28642081212
1,0.0143026202343,-1.30337181392
1,0.606729699167,-0.403091426214
1,1.27562947241,0.931179813574
1,0.863699885684,-0.0316953691482
2,3.49338803688,-1.3899565558
2,2.34696235772,2.0582598018
2,1.47656804411,0.102503381215
2,0.806899037794,-2.30959193081
2,4.80731564413,0.339068851474
2,3.23268407653,5.29462809199
1,0.71486356499,-0.628406938763
1,1.2648660727,-0.258034455778
1,0.0499289097462,0.0779831069053
1,0.648307220143,0.585206440538
1,0.979603392749,0.402261263406
1,1.17880092982,-0.205430048477
2,-0.385642256045,-2.01009876591
1,-1.26241013508,0.533399052192
2,1.08160742724,-2.72132497182
2,3.11943174713,-0.24765886385
2,-1.12095434896,-1.65312620264
1,1.11725532161,0.166061401403
2,-0.754806743033,-0.701535342959
2,0.0529163581383,3.98825944871
2,0.429225837909,0.0530814681221
1,-0.241039931683,-0.241771388631
1,0.0219964769992,1.84984572908
1,-0.196822770921,-0.761417641996
2,0.928320989188,0.187357923387
1,-0.232377866046,-0.178683707278
2,-0.510180450783,-2.15432088528
2,-1.13062883346,1.08291113708
1,-0.274891988614,-0.975652291616
1,-1.84208978942,-0.272280459624
2,0.0702312803569,-0.523392430664
2,1.10902581151,-1.43860590249
1,0.45825289845,0.0641325582182
2,-0.675678099221,2.49016379825
2,5.64804115441,-0.985433124111
2,4.58046222448,-2.66980475454
1,-0.376692242406,-0.990238173227
2,3.3288663406,1.91207895938
1,-0.166219904206,3.12291524722
2,0.337678961555,2.27671332422
2,1.84172264762,2.6016896605
1,-0.599190492187,0.021395700605
1,-0.141750881394,0.688821031456
2,2.61010841952,-0.0846838628185
2,4.32735912927,-0.666709472992
1,0.308290823921,-1.20723264422
1,-0.924456239857,-1.1725438399
1,1.81466311044,-1.0287479134
2,0.108997372357,1.61967097826
2,4.55142945265,-4.76566910129
2,0.417012565338,2.51340222911
1,0.399517615201,0.524549587727
2,1.50439448567,-0.68440589306
2,2.08676649414,2.19357440942
2,2.58312590833,-1.11826049711
1,0.787387395125,-0.0840683176844
2,5.84303888071,1.71618141617
2,-0.248348332353,-5.83885408803
2,-0.386912704816,1.31308391057
1,-0.428625768119,0.637323329652
2,0.305319937335,-2.22766028602
2,0.269945475299,-2.13265962844
2,0.840726257921,0.274400664436
2,-1.1610201994,-2.3940074738
1,0.10613159217,-0.284469050656
1,-0.0594801272886,0.925827545723
1,-0.368030253812,-0.0859394679137
2,1.92907373706,1.27884162815
2,0.187069358913,-0.452520996404
2,-0.198161760276,-0.484748280454
1,-1.5885993404,-1.01751522796
2,4.54679499726,-2.20134714337
2,0.0941815028749,-2.41999245598
2,3.37297818323,0.780850458748
1,-0.622044113475,1.02891986387
2,2.27135417677,1.41204634708
2,4.22584059647,1.0811329028
1,-0.428685227937,-0.160779617764
1,1.98162375165,0.813540533114
2,2.97911868563,0.180548762572
1,-0.199275846184,0.98642939559
2,-1.05104430509,-0.438193764305
2,-1.91006037543,-0.687552524803
1,-0.426838504112,-0.854922156591
2,6.34161980666,0.062638909223
2,3.60184766388,-1.3328641194
1,-0.367111678066,0.470432201709
2,2.00019025571,2.49110186503
2,-0.534380918854,0.527044889106
1,-0.172733863708,-1.33038676925
1,-0.311732659274,1.77093243921
2,1.71177756727,-3.34081073153
1,-0.146991706529,0.195483766476
2,2.41473897735,2.54474258227
1,-2.01371955458,0.39101087349
1,-0.208404288136,-0.608316231587
2,3.24064315218,2.38099028884
2,3.17343530306,3.42500718534
2,-1.02197365313,0.205277189082
1,-1.61109434639,-1.39384370225
2,3.06307565876,-0.471812109845
1,-0.126994449736,-0.0484888601052
1,-1.20918191948,-1.72108176366
1,-0.0715402839007,0.233509906759
2,1.7266699685,1.45895485146
1,0.121025953603,0.842674872427
2,-1.12072579458,-0.819803825052
2,5.36435226712,0.571746400188
1,-1.30477086197,-1.2335997599
2,2.82668855162,-0.171310374337
1,1.13425700542,-1.26545924857
1,-1.54629198798,0.273224847466
2,0.76991073184,-0.202870785953
1,-0.186658200512,0.934293690409
1,-0.18505412359,-1.46812543176
2,0.190447353629,0.0381450395475
1,-0.692134974386,1.21924124712
1,0.433020135469,0.237073074854
1,-0.0192980950881,1.49771686051
2,3.99828477247,1.60330293194
1,-0.130577258871,-1.58899360092
1,0.578891776508,1.79152818116
2,-1.45554765395,2.00972130541
1,0.280889968608,1.07769483313
2,1.79226173467,-1.82841669256
1,0.676882082892,1.67949419909
2,1.20046427773,-3.11040467679
2,-0.0619504464197,3.78195801852
1,0.00848589215456,1.23111686754
1,0.708693597907,0.590831198064
2,-0.851716867851,-0.250158555797
1,0.62542919656,0.862517368009
2,2.95132765708,-1.68744668868
1,1.13320332447,1.42777574301
1,-0.833594851892,1.4044584266
2,2.13920520923,-0.0136915906879
2,0.936890595653,-1.52405318979
1,-0.978633824522,1.92240061002
2,3.99149888761,-1.13822453078
2,0.092654640682,0.332518262356
2,1.83802563612,-1.82092996597
1,0.227376603865,0.708835508671
2,3.92691346336,0.216819364395
1,1.29756015011,0.358575580914
2,0.222496730092,-1.60072097827
1,0.285201906218,-0.156379735446
2,0.816347387301,1.8724316891
1,0.604128987538,-0.000128803417475
2,2.45201367251,1.03586947347
1,1.04164380168,0.19863582918
1,0.447767713731,0.878184266252
2,1.05800211917,-1.11457431184
1,1.95125083556,-0.467860326548
1,0.00596984027153,-1.17360993017
2,5.63388347101,0.344240622384
2,4.25962063727,-0.665010321403
1,0.961421037194,-0.458657988157
1,1.78637098761,0.14517249887
1,-0.797393428859,0.676022304786
1,-0.529294043349,1.33737925796
1,0.355093491399,0.716346895052
2,-0.208289672301,-1.9518227732
2,4.63787039421,0.345099292607
1,0.577533559242,-1.3597294678
2,0.305890511452,-0.145498421955
2,5.45281480135,1.19870677579
1,0.211350801953,-2.03063104749
1,0.676076220822,1.95752194152
2,4.20503245475,-1.98060498467
2,-1.42157511469,-0.639376629638
1,-1.0389891135,-1.17101280455
2,-2.54094909809,0.201470616465
2,2.7918886543,3.61586707305
1,-0.512797427375,0.610445799814
1,-2.23656757537,1.8334990579
1,-1.26721637077,-1.0706497597
2,0.654987773584,0.888130835529
1,-1.0840395233,-1.48120875335
2,5.56920105398,0.239609989344
2,0.43584644819,-1.67170587067
1,-1.10679336944,-0.397285640841
1,0.385528978882,-1.08556760778
1,0.231990390408,0.0190987591273
1,0.605508942797,-1.20326279782
2,2.29697622683,-0.844771268789
2,3.25510514539,2.11021113077
2,2.83376457057,-0.636573851718
1,-1.35178030713,-0.101133131591
1,-0.731919584382,-1.03073467271
2,2.84583451873,-1.90212644261
1,0.161128572705,0.37395305642
2,4.91182560082,-1.86541884949
2,0.272993571419,-2.01681929052
1,-0.559168569492,-1.30682311022
1,0.887702970069,-0.56862416849
2,-0.231111513859,0.630840277055
1,-0.975731013752,1.57226725563
1,0.637832651401,-0.242412916381
1,-0.954398839252,-0.495212642613
2,5.03465860785,0.496703977575
1,0.204525559293,0.686476578242
2,-0.902140553968,-2.05230899524
2,1.40675283464,2.24964410033
2,4.51521958657,-0.832241942114
1,-0.655879426097,-0.670121017132
2,3.70802444435,-0.99935498335
2,-0.357172417337,1.09125803649
2,2.44371462047,0.320121828598
1,-0.851252408811,0.0455391833494
2,-0.282837893578,0.11469081355
2,4.35025527916,-1.48154878185
2,3.8492051832,1.32163272835
2,2.85907648549,-1.48928626718
2,5.19529079184,0.08794733403
2,0.0893911152876,0.0874195239801
2,0.754785339411,-1.15179395349
2,0.753531706357,-3.13428555714
1,0.0432470988928,0.831562641836
1,1.14880506101,0.116381949527
2,2.91975149988,-0.193715718012
1,-0.263112596202,1.20521595422
1,1.12756894745,-1.15107840294
1,-0.220166275225,0.654318207076
1,-0.765460960318,-0.730909623064
2,2.64178025984,-0.3419538749
2,2.19457065825,0.964265221537
1,1.36372064752,-0.38549616667
1,-0.50080909863,-0.585802807241
2,5.26615556127,1.92349987846
1,-0.897644153157,0.852215972514
2,3.25233746981,-1.93632992655
2,4.59147002936,-1.18436118767
1,-0.569526170839,1.75901831321
1,-0.583676076882,-0.615212917682
1,-0.743549092816,-1.1600637039
2,4.04944916411,-1.36720385368
2,2.5618091336,-0.781854948916
1,1.44096435493,-0.76651369233
2,2.69355091049,0.724138160362
2,0.927497295503,4.1957592165
2,1.63479514673,0.265901833494
2,-0.790871596703,-2.96623912133
1,0.242806852994,0.404953314065
2,2.14821867903,-1.0043633596
2,0.509576202002,-0.0590429097733
1,1.19484653197,-1.23908037544
1,0.822971875144,-0.358310780706
2,2.38548308771,-0.470396966198
1,2.01207064181,-0.768742922772
1,0.145250607344,2.47684515437
2,5.54399025442,-1.12322003654
2,3.82944308011,-0.787075788325
2,0.722676379788,0.170613571489
2,4.87167151125,2.18817300203
1,-0.912783023455,0.0335852692158
1,0.960561963149,-1.08717238233
1,1.24652649646,1.01357638326
2,2.69949567,-1.92691986867
1,0.527118911877,1.13960044788
1,1.76364500165,1.34317887198
1,-0.137737382737,0.56432357282
2,2.49707780045,1.08968953474
1,-1.34081328269,0.699777949655
1,1.16108455961,0.558108538828
1,0.152564829208,-1.55117678768
1,0.524759673674,-0.273730895872
2,2.16362396452,1.07011743906
1,0.561537547634,-0.256218836898
2,3.06359766658,-2.11912252529
2,0.904056080438,-2.66364777021
2,1.31649578465,0.454754264199
2,0.657282759409,-0.985712089733
2,4.1786647323,1.65431758699
2,-0.808057825548,-1.06752056544
2,1.34794809728,1.96909316167
1,-1.43605916508,-1.07007495673
2,-0.506602689031,0.359216136462
2,-0.729475686461,3.32461204214
2,2.69316925697,-0.867053153373
1,0.560902666237,-0.181790899028
2,2.27019135827,-1.46695952216
2,3.61348846601,1.74000999233
1,-0.303966453152,-0.564906481895
2,2.95806549847,1.39794541363
1,-0.507192781045,0.937058911257
2,2.29329464888,2.72793729538
1,-1.64722310628,0.286322534767
1,-0.364883488077,-0.241842103882
1,-1.05793948852,1.35055639228
2,4.38455637346,0.186464114097
1,1.0830549258,-0.568002813891
1,-0.647358224411,-1.00931881829
1,-0.289127238393,0.0529494655646
2,3.36195760161,-0.540399556425
2,2.46536735694,-3.69591295475
1,-0.106183612554,-0.852008013207
1,-0.411846820091,0.143095156764
2,0.135055182205,-0.962341200888
2,3.68225312321,0.214225014974
1,-0.945404989631,-0.254341952871
2,-1.57815972639,-1.26448957401
1,-0.677379897525,-1.05160818648
1,0.236360121706,0.160314680356
1,-0.789014850226,0.422551245041
2,0.316772460907,-0.962805861971
2,1.83409513609,-3.54201812915
1,0.670854876777,-0.0554442203671
1,1.90896785897,0.133687829653
2,3.40527170475,3.4506961683
1,1.37226216593,-1.39249775967
1,0.398607250271,0.0217567958194
1,1.08927921424,1.37072535059
2,4.21777322185,1.15740117259
1,0.110306963874,0.90887514788
1,-1.69655346032,0.973820795236
1,1.29549622357,-1.36297410259
1,0.250457291845,-0.219682658233
1,1.60684807847,0.195890404805
2,3.36962681112,-4.23412804337
1,0.185186977638,1.59752038515
2,6.35178467277,0.977631339783
2,3.9906762436,0.411812352449
2,1.78980092788,-0.503868200535
2,3.6813951007,0.359275345806
1,0.0945633135715,-0.470731221505
2,1.50526193723,1.38784245342
1,1.11300908155,1.08851577425
2,4.99672185649,-0.150384433381
1,1.15115340832,0.611303825584
1,0.165526379843,1.05905073984
2,1.93197893141,-4.45555453781
2,-0.211229021057,-0.0870576030812
2,2.4404357946,2.99623856684
1,0.836947824794,0.371158759658
1,-0.0162571743978,-1.35610257482
1,0.428246550447,0.618131375447
2,3.93136104422,1.57637517379
1,0.348216429651,-0.572080319502
2,0.231644291436,-2.78861524055
2,-0.613993168415,1.32514771158
2,1.9868639077,-1.70118523824
1,-1.46762644468,-0.848337916166
1,-2.00045117206,0.686551845844
1,0.109177207216,-1.0414851383
1,0.825883431697,0.462916271416
1,-0.586855632021,0.0817524826278
1,0.858739197262,0.896507933043
2,3.40534852179,0.311226562187
2,0.636524783679,0.417618665512
2,2.38987900933,-1.99374431688
2,2.20573757671,0.273966951056
1,-1.49547829715,1.25495506224
1,-1.28583586234,-1.40586208102
2,2.95299366117,-1.4398629144
2,2.50782296693,-2.04828765639
1,-1.82617271753,1.26017252689
2,3.39236291523,0.229024203481
1,-0.270590568483,2.77220590985
2,-0.812344174925,-3.38238295377
2,4.09860384869,1.27712693303
2,-0.88362208564,-0.264914722373
2,3.33611878054,-1.49230822131
1,-0.196700518792,0.0655081582197
1,0.317034008078,-0.980942473806
1,0.223794014049,-0.0696272423464
2,4.43518744067,-1.20148529651
2,5.45663347806,0.172986975771
1,-2.36807359693,-0.796475472401
2,3.74067475629,2.60204757246
1,1.29473522169,1.59029166299
2,3.6120757021,0.284265620416
1,0.554627070671,0.473697887298
2,4.75796410421,-0.349390603469
1,-0.50025026839,0.720525456741
1,0.370063140037,0.760241488812
1,0.375726230212,1.2646524101
2,1.57149700575,-3.15623496124
1,2.1139004157,0.237907536917
2,3.52896310007,4.54929588777
2,1.67011692228,-2.96122832088
2,1.44969214472,4.98658960972
2,1.47748886395,2.63164866605
2,-1.05706162245,-0.803011909823
1,-1.12282028169,-0.376253463581
2,4.6556859593,1.61428986869
1,0.724422647706,0.28974795862
2,-0.775785127323,0.850685628161
1,-0.268701388382,0.255542529829
1,0.679066754268,0.552347880942
1,-0.248242242806,1.82582661116
1,0.845822748587,-1.45181807677
1,0.754039380444,-1.1195716802
1,-0.0571176840003,0.0772903675066
1,-1.04145318712,-0.379021704575
2,-0.89488712623,2.65908875996
1,0.98115839718,0.41859128409
2,4.46963479312,-0.238240506564
2,4.06214603251,3.44969553831
1,-0.995474380011,0.723780776637
1,-0.342978773247,0.826341698997
1,-0.60282815082,0.369569173411
2,3.08275892713,-3.33769999826
1,-0.207751774679,0.727602283015
2,3.74207499806,-1.73129132896
2,-0.104228033009,1.66330119752
1,0.111121609796,0.961533759117
2,-0.890934106351,0.44211179981
2,2.05796937383,-2.12004965752
1,-1.03669157315,-0.438614061848
1,-0.0437826737476,0.768396198952
2,1.442208216,1.76552204178
1,1.24041403762,1.12600268625
2,2.85022130715,2.63087330216
1,1.5923448855,2.61461713135
2,3.05785851412,0.0572049966828
1,-0.380761347756,-0.180332311762
1,-1.63040014057,-0.993432957283
1,2.4060262401,0.0731901449307
2,-0.355043509905,-0.666055349791
2,0.348713232572,0.303783345316
2,2.25350217786,0.755284340096
2,3.97279243028,1.73873710799
2,-0.118415573779,2.87968986373
2,1.4077079633,1.22905768711
2,1.76478517461,-0.486680620761
1,-1.12775897712,0.554143302135
2,3.32660829974,0.605508761703
2,2.45078162104,2.11997144034
2,3.86977438703,0.0429233714483
2,2.60911774481,-1.05054074068
2,3.40474650862,1.44937318912
2,1.73047072113,1.08258108181
1,1.2727202379,2.22469127763
1,-1.02802251846,0.13667940089
1,1.15941350484,0.910649554268
2,1.37218177987,0.97026841755
1,-0.801384010234,-1.14895066647
1,-1.75414445756,-0.410450221645
2,-0.198905106975,2.68608616242
2,3.63555700217,4.54522561552
1,-1.54884735528,-1.33462241155
2,1.01903391337,0.272791598598
1,0.000221076392228,-0.215368529648
2,1.15484741902,-3.70577137265
2,0.389907035232,-2.67231992784
1,0.319445121303,0.0986259435055
2,2.77372572269,0.828220969869
2,-2.61837101467,2.60057452134
2,2.01205249761,3.707725055
2,3.041295693,-2.38096961396
2,3.87204291133,-0.357577462448
2,2.56307569706,0.404212007275
1,-2.26200483309,-1.59874449396
2,1.69563019968,1.28037945898
2,3.47449580662,-0.427267494743
1,-0.822584743805,0.346938495732
2,4.10335153505,-0.781526825142
1,-0.760712937365,-0.840288343734
2,-2.9754293729,0.586376024107
2,-2.19628221223,2.40390453876
2,2.49408533762,-2.16442957313
1,0.0472310813764,-0.0889787056457
1,-1.23720691788,0.109356987634
1,0.256735464725,1.33999432795
1,-0.403242653615,-0.0429576997751
2,-1.89957770353,4.31941957514
2,2.71474113811,-2.34677742712
1,-0.229699268779,0.0760993319637
2,6.313761401,2.79360110647
2,5.43820844137,-0.078722044834
1,0.94032122494,-1.8545761501
1,0.255504531115,-1.11239566456
1,-0.0365659607813,-1.38773365396
2,3.76658217941,-1.36777541344
2,1.50754231383,0.016563705814
1,0.496580286061,0.804335866862
1,1.09192131314,-1.67215185969
1,-0.0396483902125,-0.962420961616
1,-0.43361872593,-0.661036017262
2,1.81620300925,4.07356569599
1,-0.14876575427,-0.672136920332
1,-0.919557441818,0.0948468761212
2,1.3103288185,-2.04936589581
1,0.693350975029,-0.493142046795
2,-1.44697723599,-0.801044925698
2,3.3158247936,-1.19516611896
1,0.89260367323,1.71301296203
2,3.59213420715,-1.39702688604
2,4.22587423905,0.860830303715
2,0.827884852364,1.64527932697
2,2.52637117612,-3.28344836407
1,0.289096679624,-1.17590303666
2,1.02629360915,1.20723469873
1,0.179525963448,1.34735191754
1,0.819610637048,0.170990701256
1,0.294623929588,0.425233077806
2,-2.87061919069,1.81248284592
2,1.83967278059,-5.95041385604
2,2.72819475779,0.074183923522
1,0.0899895982635,1.40557265612
1,1.18981038405,0.667818952513
2,0.195773766626,-2.0267903763
1,-0.354234441032,0.865281774382
1,0.303257331499,0.518044346641
2,-1.39006441574,-0.232662355852
2,-1.57943801672,1.86415229281
1,-0.418065792311,1.21556207596
2,4.96703444641,-1.22678065321
1,1.81999149394,2.04992350688
2,0.952250950964,-0.20532399518
1,-0.515234510682,1.19835152958
2,0.668704451,0.19781427659
2,4.89021177514,2.79207687242
2,0.409456136518,0.709028812513
1,1.69108777897,-0.769303444183
2,0.515791712045,-3.41153966472
2,2.36154462221,1.04695593287
2,2.66547241658,-2.3711513197
2,2.95268961723,0.510656937431
2,0.124725230531,-0.541760023041
2,1.64969669168,0.141737413671
1,-1.50107720593,-1.63204905231
1,0.985275425331,-0.346311107236
2,0.435639449252,0.231251103555
1,-0.387686379445,0.785631478624
2,0.498397092012,1.178241113
2,1.4703236207,-0.243262089835
2,2.70211617368,0.193370519948
1,-0.52374374189,-0.429417699146
1,-0.903351168432,0.410161357384
2,1.59409751223,-0.14299803493
1,-2.24653158055,0.295742061038
2,2.02730922996,-0.982027946028
2,1.67855050472,-1.43731349198
2,-2.95087148889,-1.51700375732
2,1.79446257374,-2.56898977109
1,-0.372682804231,0.720952463502
1,-0.492724141571,1.74807997846
1,0.365761915266,-0.62730717045
1,0.23703491219,1.72651867691
1,1.2349770662,0.984360146058
2,0.666313465738,1.7889045162
1,-0.527422523663,-1.53580927491
1,-0.371453436301,1.73312780407
1,-0.0473252102579,-1.1644757204
1,1.50521174953,-0.792072652115
2,3.96711636034,-1.05433643291
1,-1.20307711161,0.205574097114
2,5.52440903728,-1.46408710892
2,1.52855815908,-1.36604283406
2,3.62693774817,0.264951279616
1,0.0626083562918,-0.15592302276
1,-0.229088632592,-0.590281605607
2,-2.54684741366,0.612307369551
1,0.605073016454,0.80669103484
1,1.3437176034,-0.747108625081
1,1.64109607462,-0.00868578101867
1,-0.49483502635,0.446944523138
1,-0.705590348561,-0.924912601172
1,-0.35808751199,0.769663757806
1,-0.35934406055,-0.589182469824
2,0.46961795908,-0.823488327294
1,-0.49621005301,0.330270229629
2,1.48173335954,0.318851706803
1,0.236862461518,-0.447817280259
2,0.996383605367,-0.260666600404
1,-0.0991325648216,1.72415373075
1,-2.66041593922,-0.713803473513
1,-0.42905225225,-1.19924396497
2,1.0771458186,1.8902839103
1,0.108038942022,1.67727092101
1,0.624431916892,-0.748631137016
1,0.91803489685,0.90903182365
1,-0.790004256048,-0.465056090474
2,1.00645846963,-1.23487951577
2,-0.906193103497,-2.31499989612
1,-0.720347993187,-0.167859690609
1,-0.279242177769,0.884856238422
2,3.96691473379,0.926842183206
2,1.75068981989,0.110328091803
2,0.644626899636,0.919539854912
2,6.60710269597,3.92702489697
2,2.46228570621,2.84138822255
1,1.23648220069,-0.223775892534
2,2.10304450373,-1.69530820135
1,-2.37076441646,1.97501082501
2,0.565416964502,2.40452116506
2,6.58132981465,3.43452622257
2,0.111480912615,2.07577939678
1,-0.646085118203,-0.587480165386
2,0.272407934716,1.77578167029
2,2.75147030508,2.56481959486
1,2.01446742083,1.5390533577
1,0.945342706928,-0.923538458167
2,2.42179412122,-0.876363777314
1,-0.993792548018,-0.029911780936
2,0.8107299655,0.624415424267
2,2.44534817197,-1.39709380204
2,1.86577945467,2.39087374974
2,1.49944158945,2.82752952884
1,1.42250305628,-0.158967987123
2,2.43723746859,-0.397718937832
2,1.29792640013,1.53070023111
2,0.0719532288842,0.980734272655
2,-1.6971609831,3.44398205155
