1,0.0401096502106,0.317053851797
1,-1.09625369049,0.140053648068
1,-0.366303157556,-1.19146789964
1,-1.54529151249,1.08141037509
1,1.31869633888,-0.468209429714
1,-0.588335704955,0.802454334654
1,-1.24459374608,0.309916288181
1,-0.803135941673,-1.07425377609
1,-0.157283907742,-0.626353841508
1,-0.807444598316,0.289276638862
1,1.11498692722,-0.263293639601
1,0.446389815719,-1.59797666504
1,0.259677550726,-0.795399856968
1,0.117114267344,0.746542639634
1,0.27490496987,0.12790964167
1,0.234929993672,0.00955976668415
1,-0.449848203556,1.24576694047
1,0.00559678923787,0.550542077621
1,0.477478936545,-1.17167765842
1,0.759604915891,-0.770601281348
1,-0.870363344996,-1.16771334253
1,0.453569301522,0.740427061234
1,-3.23523023395,-0.417276964809
1,-0.206741011947,0.490474978086
1,-0.569836457133,-1.09898473787
1,-1.62979854925,1.48387261233
1,-1.64501200372,-1.17649643682
1,-0.149328557284,-0.44040302405
1,0.259564803493,-0.0582650564228
1,-0.465878975693,-0.72012809717
1,-0.783464689895,-0.811820002834
1,-2.50032911504,0.0932250999242
1,-1.23926495941,-0.85853578668
1,0.391749320583,1.53713445659
1,-1.40837522415,0.238751827146
1,-0.00690590744033,-0.80650026259
1,-0.422626550628,-1.27813547601
1,0.0160962489929,1.0493967385
1,0.800974449373,0.995265034196
1,-2.10161042913,-0.274659391328
1,0.438311245803,0.38621085904
1,1.53577479194,-0.223397055918
1,-0.919036587864,1.5042931917
1,-1.52953871961,0.00589938257725
1,-0.863450207215,0.525706153986
1,-0.768041255185,0.572557676868
1,0.699968471149,-0.930440371351
1,0.200807088649,-0.457162031035
1,0.836903455964,2.74244465121
1,-0.644102447616,-1.0187190072
1,0.465936643485,-0.93995502115
1,-1.13677002704,-0.913282265578
1,0.621443430059,-0.258566326814
1,0.961005079158,2.410012709
1,1.63094680706,0.324393983497
1,0.555208805675,-0.890046257284
1,1.23674116252,-0.0387988408149
1,0.256389894169,0.919095138556
1,-1.01503439751,-0.080549345494
1,0.0193625297338,-1.52950893607
1,1.11994707104,-0.549450363491
1,-0.796508198593,0.1776056945
1,0.68688136949,0.133546132571
1,0.572103472393,-2.57692577473
1,0.119542427778,-0.363071687442
1,-0.484469456067,-1.10947459248
1,0.63416376194,-0.113210654066
1,1.813896283,-0.471422236097
1,2.47954423374,-0.0520088639072
1,2.00602085102,1.91763941178
1,-0.154997440515,-0.703172136311
1,0.26453280664,0.73053473528
1,-0.541246583712,-0.255916487786
1,0.833729486497,0.142882354834
1,0.996510022055,-0.373088740737
1,-0.437984816522,0.783645257426
1,-0.864498584278,-0.351556633555
1,1.6047383608,0.998068017872
1,2.23794608237,1.21894103468
1,0.720212958232,-0.295328750302
1,-0.564089380187,1.40485018564
1,-0.40457785248,-0.984695604341
1,-0.101183910323,-1.23012580833
1,0.556798957145,-0.452594677092
1,-0.391651479712,-0.939471825078
1,0.789895724653,0.0892140380797
1,-0.407174290123,-1.08157373129
1,-0.490822114022,-0.242242010748
1,-0.565234546348,0.503429421313
1,-0.686734904845,0.283611292922
1,-0.665083316098,-1.01547342758
1,0.788373470293,0.661009465203
1,-1.24259196368,0.0911048273389
1,-0.351877970072,0.525999853136
1,0.577466095836,-0.401650052856
1,-0.452078920467,-0.588218637956
1,0.649964804912,1.07589654109
1,-2.70802120387,-1.86259558934
1,0.470789222049,-0.121539281562
1,1.73759594346,-0.45482892466
1,0.342837720501,1.07139214308
1,-0.652576722258,-0.994928896721
1,-1.70182732537,1.37270573194
1,0.209689671862,0.062400697195
1,0.0100406718235,0.772467178295
1,1.9298044367,0.0442846891909
1,0.0517654438683,0.123694223836
1,0.380774980977,0.175104540119
1,-0.315930384732,1.01254318253
1,-0.652623981324,-2.10142966688
1,-1.79024168814,-1.57071827409
1,-0.365882635829,-0.260094074187
1,0.629048872715,0.88470745252
1,-1.10364794585,0.252833253923
1,-0.373099843654,1.10902170608
1,-1.36288265771,1.19921269945
1,1.17954078432,-0.16074153414
1,0.521322810803,1.277081237
1,-0.362730378629,0.380427759634
1,0.858290519647,-1.69933024713
1,-0.260444451315,0.00620674205558
1,1.45858669027,-1.73315212735
1,0.226306268648,-0.426869686171
1,0.845091571697,-1.2318511862
1,0.424808252867,-0.0354362498195
1,0.0324664067669,-1.51902192859
1,-0.697518604928,2.22769291297
1,-0.0234741717519,-0.834570902068
1,0.393593417446,0.489528189158
1,-1.75202099299,1.02999619726
1,-0.607981053232,0.984908667861
1,0.111386455899,1.96158423128
1,0.520435129145,1.4933742723
1,-0.65410976653,1.43151539315
1,-0.204123236544,-2.03135711264
1,-0.468770009224,-0.157546029447
1,0.0777288300533,1.07062058631
1,0.201564963226,0.923545167332
1,0.510723462288,-1.31540930245
1,-0.00828385709832,-0.012525376146
1,0.743237645433,0.936638740912
1,-0.0848692979069,-0.609006064999
1,0.450768195423,-2.20539039724
1,0.578319380415,-0.27789365944
1,0.134205257468,0.152273767808
1,0.606195594398,0.0578655886297
1,-0.000179776787267,-0.793401048794
1,0.310376175389,0.669784585339
1,-1.36613686137,-0.518702057702
1,-0.678884313479,1.16975701
1,-0.0588834033843,-1.07740864918
1,-0.592891972507,-0.239093869113
1,-0.901495336566,-0.401720936646
1,0.885269804782,1.03249304793
1,-0.297307442618,0.373822246863
1,-1.06644817487,0.702677662025
1,0.52151518289,0.127331643662
1,-0.837637643001,-0.77007891454
1,-1.41557629275,0.415020466076
1,1.61369718767,-1.71465224556
1,0.625332182861,-1.59359447634
1,0.235226939151,-1.34899938036
1,0.813400020427,2.29489977122
1,0.894604559161,-1.92182753382
1,1.25826274685,0.680532421401
1,-0.429788848899,-0.812649798848
1,-1.55409102469,-0.197909687461
1,1.03343645969,1.55240075393
1,-1.16907194765,1.86294580984
1,0.228209638432,-0.00776546674677
1,-0.0515213166764,0.544165859713
1,1.48390811678,1.60008484722
1,-0.0522780872037,0.689215077048
1,-1.47370123285,0.0411199168955
1,0.0301796075486,0.0124349737304
1,0.679729016191,0.00020466861238
1,-1.94745299524,-0.347151155979
1,-1.30281324082,0.253194867237
1,-0.444077400967,-1.14084068281
1,-0.367402096435,-0.995191140048
1,-1.36666236201,-0.353566410568
1,1.73816240644,-1.11790455169
1,-0.0187003202572,0.151457516531
1,0.578914598489,0.210963919303
1,1.22748761613,1.03637576528
1,-0.752461057102,0.605686270251
1,0.487996837953,0.851820088987
1,-0.689515063912,-1.32286534969
1,1.21186121775,-0.6016274828
1,1.2139640566,0.411061727741
1,-0.59278907028,-1.08168147401
1,1.01498530045,1.31775506091
1,0.165415841544,1.84808112262
1,0.277491715282,0.580928136689
1,-0.364404415262,1.76416936506
1,-1.96316259669,-0.403186804973
1,-0.600229592298,-0.609892417171
1,0.0983692531821,0.146729871307
1,1.92713044298,-0.468747494109
1,-1.27522789233,-0.224679498661
1,0.431083655714,1.31479863136
1,-0.450594242553,-0.536413386491
1,-0.424898723721,-0.299048909956
1,-0.527981381819,1.87378348332
1,0.203245892057,-2.02000754995
1,1.01860043476,0.0465624431843
1,-0.878896927357,0.674509528123
1,-0.526256483915,0.207431968134
1,0.144767075216,1.80392686754
1,1.03897545384,-0.851772087783
1,0.474865893298,-0.448680490605
1,-1.77238395871,0.442455594957
1,-0.617611724046,0.106196599807
1,-0.651081756607,1.34302920279
1,-0.51558329389,1.7227906612
1,1.39793005633,0.968209404499
1,-1.36933824355,0.35854878018
1,0.0250261419116,-0.743650454484
1,0.056935255975,-0.326395487831
1,-0.762182636772,-0.202503910537
1,-0.53471113776,-0.843972665024
1,0.960188019249,-0.461418420602
1,-0.196872219157,-1.50208972535
1,-1.90732084966,0.204989176802
1,0.318202330171,0.117456151959
1,-2.21945210154,-0.713914366942
1,-1.09269911948,0.662774002262
1,-0.895185638893,0.527340329664
1,1.53783973132,0.0504637215343
1,-0.973550822271,-1.31692085268
1,1.32934437,-0.40139271963
1,-2.74509459371,0.573202585638
1,-0.258936367168,-0.06212455596
1,2.23368704887,0.253987107095
1,-1.23571433511,-0.438968997927
1,0.243596994173,0.643792365889
1,0.0991048549414,1.71546318962
1,-0.00649043362503,-1.575612324
1,-0.259464957502,-1.11917921041
1,1.14029087879,2.30932347894
1,0.321102102316,-1.47136817496
1,1.26120597329,-1.5595527912
1,1.49984545724,-0.78866815594
1,-0.372873803235,-2.20992049338
1,1.64531102628,0.0019984197308
1,-0.25091580973,-0.521323218366
1,-0.813150118504,-0.111405835558
1,-0.0985357223618,0.131240542472
1,0.185299369701,-0.890078940598
1,-0.977068369419,-0.379642474276
1,-0.608942331068,1.1444630461
1,0.674927586149,0.00159102762306
1,1.44073248861,0.21278970842
1,-1.11268143458,-1.03899116402
1,-0.770022730466,-2.54477717497
1,0.00636384377052,-1.46602978695
1,0.243654653739,0.00537726850502
1,0.79440554477,-0.537156750731
1,-0.158300386532,-1.73240332315
1,0.395938678226,-0.179010212831
1,1.19728313024,-1.89938498404
1,-1.51977369663,-0.715576979327
1,0.870189791625,-0.335897804329
1,0.010250899283,1.54340047363
1,0.553766864513,0.703136117742
1,-0.165718346421,-0.264286025204
1,-0.382860724026,-1.68492320907
1,-1.16954878557,-0.774426700486
1,-2.05540457889,1.83933965855
1,2.334700158,0.123297203764
1,1.11798611542,0.763322137947
1,-0.0820387350895,-1.14172246228
1,0.498279157459,0.127466471484
1,-0.266171502928,1.75787601838
1,-0.308053520738,-2.0371454896
1,1.11113796075,-0.334804163402
1,-1.61429979486,-1.99950361304
1,-0.874406261172,-0.413818794234
1,0.286259310489,1.30200711085
1,-0.335999879665,0.635407671647
1,0.373511395732,-0.0729910305094
1,0.958203687177,-0.606932058363
1,-0.790626797892,-0.682646923774
1,0.749369585271,0.7923474952
1,1.13633972927,-0.382467363888
1,0.776843947887,0.869090940169
1,0.121227942671,-0.961267230188
1,-0.0306151023625,-0.638085099513
1,-1.24371214339,0.164208551281
1,0.499668923664,0.290708547909
1,-1.76364705444,0.979735955484
1,0.00726193969697,0.0538069441435
1,0.687507135872,-0.950823391302
1,-1.24753883822,0.269724123748
1,-1.29721671796,0.19723615116
1,0.873321817163,1.14736930967
1,0.348361756111,0.907644705648
1,0.0925767043825,-0.525829432301
1,1.22770750795,3.06358448966
1,-2.17268827289,-0.172115235965
1,-1.15172192587,-0.128217262021
1,-1.05157685524,0.620104218813
1,0.530606662917,0.731878056364
1,-1.65832711327,-0.223767210119
1,0.229398437517,1.1476899682
1,-0.279726325856,0.896943571616
1,1.4522155403,0.256467438095
1,1.05234472458,0.336308180432
1,-0.316975454931,-0.379485904269
1,-0.456270982869,-1.48497040266
1,-0.475343568232,-0.991133314585
1,-2.14646341844,-0.790693156717
1,-0.343553982592,1.73647106606
1,2.02519049224,-0.563536420916
1,1.4008050598,0.118231808148
1,-0.808264715375,0.108754629013
1,-0.409317544549,0.055437831632
1,-0.488531282745,1.70741179592
1,-0.644259715889,0.611097463826
1,0.88252781288,0.246367579541
1,-0.251619715741,-0.509411050104
1,-0.100997040858,1.2681427869
1,-0.579758447031,-0.461853557795
1,1.41285890454,-1.6007982981
1,0.270748830622,-1.03866192519
1,0.874569055558,0.063199667568
1,-1.33740807779,1.77502686986
1,0.432556001659,0.996798240088
1,1.21304744606,-0.348925288666
1,-2.91849714913,0.155014642606
1,-0.701072443333,-1.19562085978
1,0.757281015948,0.681153247067
1,0.499431571755,-1.20341638052
1,-2.17106283133,1.1440409966
1,-1.38204625558,-1.33184987605
1,-1.43996424575,-0.556051434723
1,-0.221900257491,-0.0591513404522
1,-0.00555893332579,-1.47807250494
1,-0.673859714142,0.55124677745
1,1.24760276471,-0.911486272636
1,0.0347882609316,-0.219845935496
1,-0.179029241639,1.2173576103
1,-1.19803909265,1.468883446
1,-1.07275237412,0.119827745689
1,0.289896061125,-1.07504951737
1,-0.533928176632,0.80085844747
1,0.726739904668,-1.31966236881
1,1.24671849743,0.00353161487619
1,-0.66809823667,-0.455051130755
1,-0.310759543855,1.10307492293
1,2.28352274187,0.570735347206
1,-2.09330478067,0.663570761915
1,-0.628981343503,-0.441941866377
1,-0.0633635689999,1.57086355642
1,1.78381718815,-1.09066032247
1,0.358944071483,-1.41293747915
1,-0.792258196578,-1.50343390576
1,0.340871030367,1.09240822975
1,0.200242533841,1.28072951458
1,-0.547623360462,-0.148628330653
1,-0.350044101357,-1.40751721922
1,0.185672969265,1.22531473084
1,-0.632083790819,-0.0832297478823
1,-0.442328353971,0.0594840029493
1,0.812072687055,0.67080160807
1,-0.139907557304,-1.85477910801
1,-0.481196358202,0.485190451307
1,0.554629724236,1.05164895994
1,-1.15888028157,-0.451864287158
1,0.899371072947,0.756753572776
1,0.0368537270265,0.288172561678
1,-0.322191243248,1.83737594487
1,0.129509857849,0.544401674148
1,0.473243882279,0.766569549357
1,0.804943562078,0.101903773304
1,-0.452354928378,-0.94439774468
1,1.22119591328,-0.0820875879942
1,-1.07447150992,-1.31568292328
1,-1.32889196087,1.93897601652
1,0.74750217181,-0.289479929691
1,0.549582470394,-1.71767327009
1,0.917384627455,-0.70904228842
1,-1.85795349216,-1.12292270425
1,-0.977952601418,0.121279625681
1,-0.459791766832,-0.369034646249
1,-1.45722476035,0.351550127362
1,0.83784557909,0.868960670836
1,1.43116480667,0.279098609693
1,-1.00892063012,-1.37388224551
1,3.15254025468,0.48823077391
1,-1.484500958,0.0519758489367
1,0.180582248056,-2.56672142951
1,-0.794741213413,-0.826649987252
1,-1.35670483828,-0.420411990973
1,-0.943938032737,1.11536254351
1,1.71149001296,0.692191035842
1,-0.459558069393,-0.153024843892
1,-0.290753130247,-0.839440491325
1,0.0464996199664,0.34668968457
1,1.26542224112,-0.601374441908
1,-0.223183311903,0.0842769773477
1,1.35200702962,0.468388250627
1,0.409398481939,-1.13367454805
1,0.0268847669096,-0.219975178518
1,0.549206285674,1.59181805105
1,1.02927106379,-0.171630321699
1,0.247910599606,-0.190454705474
1,0.559497831643,0.294732857728
1,1.74543381678,-0.200661167541
1,-0.853889045129,-0.720985548339
1,0.200451611961,-0.669195872863
1,-1.76858417598,0.0494863897124
1,0.0311399024521,0.752609595097
1,-0.691880243014,0.322274507994
1,-0.970601258985,1.23412598651
1,1.14134462991,0.0896901991588
1,-0.164600876085,-0.528348368247
1,-0.280103729251,-0.0423010778928
1,-0.540471974825,-0.369600045008
1,-0.0744250829405,-1.67522300231
1,-1.04562777722,0.259963413239
1,-0.198059017282,-1.98138051968
1,0.104075923486,-1.17661635546
1,0.489295933849,0.346596783876
1,0.530696990025,-0.55763509811
1,-0.464242783639,-1.19651822904
1,0.0693660646049,-0.0231935453863
1,1.35730821483,-1.62601044245
1,1.59080396699,-0.626584127635
1,-1.10992179106,0.010062670929
1,0.924490239826,-1.57928311306
1,-0.090521221182,1.44913967513
1,0.145511072083,-0.0917084787152
1,-1.36162526203,1.85607109728
1,-0.0522674316997,-0.0527186931116
1,-0.623292880195,1.36824767995
1,0.207108298479,-0.523699394264
1,-0.0381822058464,-2.64652106541
1,-0.731720196558,-0.388272250514
1,-0.0872268539822,0.0792787637556
1,0.650388088583,0.547923455967
1,0.0400091008924,1.38826519299
1,-0.516802147852,0.913288517272
1,-0.225205549269,-1.63062944427
1,-0.762354509678,1.63348676984
1,-0.431649488978,0.55100808355
1,0.217731953996,0.769085946821
1,-0.783252200663,0.839097913736
1,0.0306452203935,0.304879183538
1,0.536790205827,1.35341556745
1,-0.900035853499,0.873394632594
1,0.715054432735,0.455008434449
1,-0.633159541453,0.133630056886
1,-0.581391992208,-0.627799923771
1,-0.308515565087,0.819681580472
1,0.459032507667,0.554589471919
1,-0.937435424383,-1.1653394146
1,0.55847871195,0.049317138322
1,0.707808402643,-0.896936509246
1,-1.13208335407,0.212066359997
1,2.56223477278,-1.27878297732
1,0.752322924786,-0.408362857156
1,0.0212738894459,-1.59198443972
1,-0.518785146484,-0.877857606106
1,0.868233705083,-0.342094346093
1,0.655646072605,-2.44795093096
1,0.748928598978,-0.263945630002
1,-2.20356072316,1.52262957979
1,-0.363693788738,-1.33267308854
1,0.452040503059,-1.50029978408
1,0.888514567003,-1.09004979271
1,0.016477639213,0.269721435758
1,-0.229745897298,0.350147618555
1,0.968077890341,1.64277068451
1,-1.1892765781,2.59259797962
1,0.756356896733,-1.28063545804
1,1.47385090866,0.975708557176
1,1.25764857781,0.270665719702
1,-0.59221982808,0.0797031772215
1,0.890707381455,0.264338920197
1,-0.434414666377,1.16631517047
1,0.475647121446,0.357574808343
1,-0.234529828075,-0.60512335573
1,0.895811327278,-1.28704061625
1,-0.00619233354595,1.04984331678
1,-0.198889278991,0.188371039184
1,-0.376883059243,-0.00066786384191
1,1.2680703955,0.252543509078
1,-0.440896229699,-0.647544921819
1,-0.985683222542,-1.70904420767
1,-1.39332494319,-0.625532998502
1,-0.904707753936,-0.175842690663
1,-0.923612727483,-0.672822676094
1,-0.303481950201,0.0696806498865
1,0.123355105662,0.531799831922
1,0.325729626637,-0.814728558937
1,0.535046432451,1.17475500896
1,-0.41443943535,-1.49294586755
1,0.206326769327,0.410996427212
1,-1.09833743095,-0.0689850191305
1,0.631243308946,0.319458641561
1,0.462161200672,-2.36306777814
1,0.567879803378,0.602388584048
1,-0.0304510103216,-0.513786193191
1,0.280331376025,0.870989223695
1,-1.18182991204,0.222739279822
1,1.68070650248,0.839726915288
1,-0.696921932469,-1.78187620023
1,1.78929518659,-0.65907389004
1,-1.19455202587,-0.960971207642
1,1.50959711296,-0.612560213994
1,-0.817274225893,-0.270379200992
1,1.15542672524,-0.428927783942
1,1.12619033058,1.28800330329
1,-0.805972070531,0.691856760135
1,1.21293834552,0.200399164604
1,-2.16077653146,-0.406977875805
1,0.39749376334,1.09470163325
1,-0.698234334333,1.39599197666
1,0.398930209729,-0.353039031048
1,1.69705389707,0.158900644245
1,-0.253583524263,0.607129641592
1,-1.09272069391,-0.804464692173
1,0.262862644386,0.5688743967
1,0.440845778744,-0.202941147705
1,0.0106465397682,-0.952421756714
1,0.557705517573,-0.659850887742
1,1.21322958669,-0.398563722968
1,0.909622426332,0.512435642354
1,0.468377566894,-0.89002643862
1,-0.245805383291,-0.845088359771
1,-0.327180248587,-0.228660249594
1,0.578793123574,-0.403245487723
1,-0.693993573279,-1.97809200504
1,-0.455505909224,0.0676637223698
1,-0.0903951245684,0.936442555036
1,2.84444888042,-1.63332209556
1,0.831746074331,-0.537139105407
1,0.218768311732,0.238485000684
1,0.0835986501944,0.461654188934
1,-0.193333102748,-0.86953533797
1,-0.276139234427,-0.387045106143
1,1.7833024453,-1.58620522963
1,-0.654270939981,0.718276603677
1,-0.853049685728,0.407336183295
1,0.373724485128,-0.86655132278
1,1.33573875647,-0.778853140382
1,1.63671462365,0.351627651373
1,-1.1207141764,-0.708598611547
1,-1.27123348634,1.09908456829
1,0.0490439098197,-0.518098579289
1,-0.648728059305,0.49904174409
1,0.266038781487,1.31578410023
1,0.0900202874139,1.52981150988
1,-0.608795530726,-0.814672454757
1,-1.65178607197,1.66663192069
1,2.49324079737,0.722057753386
1,2.56790187332,-0.629890197482
1,0.810413430141,0.277459982481
1,-0.296350848155,-0.135640601646
1,-0.59744356882,0.291692723214
1,-0.367676449557,0.535968423234
1,-0.918942586232,0.0315387990693
1,0.71642827207,0.800096000535
1,-0.330225796501,-1.29264945076
1,-0.585653518373,-0.0640749650212
1,-1.88670328238,-0.459164069855
1,-0.54252758019,1.65661200936
1,-1.68412166909,0.880383463255
1,-1.45618279876,-0.172562180738
1,-2.01780161098,-1.02463016855
1,0.787869367114,-0.53818035704
1,-0.408351832452,0.590069811401
1,-1.19850714444,0.0884290687513
1,-0.735081778374,-0.276940965901
1,-0.321489587061,-0.503864990292
1,-1.40744110908,1.58496387682
1,0.136773418505,0.719299575066
1,0.775492139056,0.459820224278
1,-0.225104231799,-0.413172610635
1,-1.26807046674,-1.0521539659
1,-0.115023068502,-1.15402104237
1,0.734934896275,0.489573400259
1,1.30633333435,1.97605368676
1,1.12004518899,-0.258077576181
1,1.79999241861,-1.02595572407
1,-0.492841637723,-0.912448834632
1,0.779587875978,0.309612828423
1,0.378720376876,-1.25770741176
1,-0.197337598802,0.0742911796427
1,-1.44918936582,-0.552996397346
1,2.04750986726,0.0895354030386
1,-1.08296367328,0.221359958202
1,0.381965016467,-1.08614035024
1,-1.16506724154,0.38000959151
1,-0.318140482429,-1.07539495506
1,0.63329276186,-1.1686867647
1,-0.520320888715,-0.357673382832
1,-0.278542478626,-0.975893446251
1,0.68850864725,0.430697965155
1,-0.916035983424,-0.00903245623472
1,1.49787853338,0.64554926415
1,-2.14472050289,-1.24246122874
1,-0.499801695809,-0.271635891107
1,1.52364457677,0.0589164753331
1,1.21616280387,-0.486127342187
1,0.564751388602,0.797712471047
1,1.22794993142,0.200814441306
1,-1.52909469215,0.0338521863551
1,-0.384575401918,-0.77222476272
1,-0.17675728434,-0.238631664479
1,-2.07983587805,2.5606800678
1,0.184904724782,1.40606557696
1,0.263503297548,-1.70201242786
1,1.31615546385,0.505222721536
1,0.0418342880818,-0.0491823147273
1,-2.33794871308,-0.622340902155
1,-0.835763420146,0.24047907564
1,-0.159640325302,0.958672171979
1,-0.280636127316,0.102644721121
1,-0.0901089478019,-1.107673285
1,-1.23590522736,0.243154374355
1,-0.673996529628,1.19895958525
1,0.66658498204,0.564161687195
1,0.614986163852,2.0150249504
1,0.848119114753,0.534702038951
1,-0.853374038953,0.917291397556
1,-1.42410159687,-0.217182271279
1,-1.28044826068,1.02397384825
1,0.150877208602,-1.48509168343
1,-0.945739018757,-0.0457823953573
1,0.766643292589,0.460067493191
1,-0.645467730146,0.304129116632
1,-2.00364778871,0.968598637607
1,0.110247645663,0.72693835422
1,-1.05020398347,0.738743751464
1,1.69403541517,0.0643616030685
1,0.110318683068,-1.58328480409
1,0.182676620641,-0.399131269885
1,-0.12593812264,0.232334881701
1,0.347044644896,0.142317229925
1,-1.6348214597,-1.25449965196
1,-0.244519974454,-0.643373620226
1,-0.557487894337,-0.480826412539
1,-0.86950493846,-2.20491871981
1,-1.04574572651,0.856137740131
1,1.31907734463,-0.427554817624
1,2.17775048977,0.72132709928
1,0.242019231555,0.892075156732
1,-0.27071275312,-0.67955107445
1,0.815066792928,0.689638598202
1,0.639627977219,-1.36881642861
1,1.74362661367,-1.05662883151
1,2.05960182431,1.29318798432
1,-1.1883714796,-0.0578588501977
1,0.342156106518,-0.296981887519
1,-0.886231703039,-0.455466827724
1,1.64192399388,1.09408745143
1,-0.505991800254,0.575148501333
1,0.182324547805,0.192884648267
1,0.489129461658,0.534399149443
1,-0.201118588349,0.468023188285
1,0.190261662923,0.664372779516
1,0.170007432234,1.44924371706
1,-0.633680584616,-0.385979760989
1,2.03007238369,-0.937212066735
1,-0.396646340811,0.478273708519
1,-1.3819707991,1.38690148587
1,-0.865082309225,0.186545734808
1,0.674977231825,0.607473174827
1,-0.616660074289,-0.159621102497
1,-1.68732963797,-0.329660211934
1,0.0565235254165,-0.660616677035
1,0.0387954204623,0.305468989598
1,0.388907836065,0.0259704776789
1,-0.0914633737445,-0.342327393216
1,-0.996436693369,0.677754412807
1,-0.773354688901,-1.36816070686
1,1.35375062185,-1.89036342213
1,1.35395603803,-2.01049958588
1,0.434313347557,-0.747056251339
1,-0.122587937726,1.98585897214
1,-1.19319893213,0.0225287747715
1,2.46237764452,-0.667534115622
1,-0.203357637113,0.250368596151
1,-1.3589082557,0.308398486825
1,-0.0245509829659,-0.608157456853
1,-1.51021608276,-1.12217536864
1,-0.115903207148,-2.23111731897
1,0.624723955583,-1.20599971832
1,0.279830611839,0.509666905325
1,-1.9072928834e-06,-1.72342859347
1,-0.722920348185,-2.12166343489
1,1.28585508464,3.20885945034
1,1.12582592986,0.0422331817534
1,0.630492157071,0.860883653949
1,-1.26814462483,-0.528918861337
1,-0.551943934283,1.17156833175
1,0.69635179102,-1.19014684576
1,1.50792314849,-0.338509931334
1,-0.874897889691,0.681735360788
1,-0.686815586299,1.90728932198
1,-1.6176664794,-0.59321982006
1,1.6723653494,0.425583423938
1,0.324886502976,0.38451521597
1,0.975345948989,0.992148277052
1,0.62473682922,-3.41649263146
1,0.842504876583,-0.187201097367
1,-1.06515188649,0.613707316859
1,0.198522668336,0.980240068274
1,0.735404991391,-0.318058792663
1,-0.709983313636,-0.780485491537
1,-0.130419945674,0.957181546124
1,1.53068356382,2.04791916114
1,0.417225214403,2.76020349527
1,-0.690371806406,0.110053638131
1,0.652917216368,0.766850825223
1,0.190940393838,-0.0344543412261
1,-0.285192288798,0.734128202927
1,-0.185194938663,1.25338334477
1,1.26188038993,-0.693247695457
1,0.742183482376,-1.56077853191
1,-1.2453967473,-0.935720782007
1,-0.0931934304784,-0.278197072328
1,-0.603673025236,-0.50047551468
1,0.743521019367,-0.29297488216
1,1.22081653546,0.607059956592
1,0.126011616829,1.59724856362
1,1.60970075227,-0.397170419459
1,-1.41791708048,1.06245501449
1,-1.68983378943,0.513826200517
1,0.676455789333,1.51742179999
1,0.0268655075243,-0.296334352661
1,2.24670271132,0.00655591103387
1,0.125694708033,-0.69898118779
1,0.00245644873286,1.02274864845
1,-0.00904977712862,-0.911172743829
1,0.524399529992,1.62534762962
1,0.541871807833,-0.895426283762
1,0.770599036142,-0.330086342024
1,-0.0213977384686,1.15165971077
1,0.0121722942687,1.43648809481
1,-0.740697264283,1.1033243972
1,-0.703705673834,0.134886143047
1,1.11038243204,-0.943312801026
1,0.210201853427,0.394845624046
1,0.99741051792,-0.0446915139456
1,-1.60026202172,-0.207248070544
1,-0.277163919653,-0.461154574612
1,-0.365515385903,-1.12392244982
1,0.4802917768,0.579196863142
1,-1.21817074678,-1.2837831031
1,2.09300495582,0.52286374402
1,0.44816137151,-0.595359312313
1,-1.3306161911,-0.764376876454
1,-0.586210757603,0.560354715805
1,0.457484416266,-1.35085814112
1,-0.184213932085,1.40479715567
1,0.00339163269144,1.9626676308
1,-0.451841949611,-0.011311863664
1,-0.648182857445,-0.0706150855136
1,-0.496967442546,2.38233957855
1,0.00121079176756,0.148065857568
1,0.148505533561,1.65148572766
1,-1.20274311836,-0.102630955646
1,-0.503222882788,0.976311476258
1,-1.33430215566,-0.359629298417
1,1.96411532421,-0.0327796203679
1,-1.89601382991,-0.60481224651
1,0.805402932777,1.03010330051
1,0.0346202376207,0.433887263532
1,-0.182105328328,-0.983723381869
1,-0.123175087036,-0.0221639004557
1,-0.0921562941101,1.15138181015
1,-1.03601177254,0.422854330943
1,0.679234075959,-2.12640076343
1,0.990827952517,1.11481466376
1,-1.45545555113,0.485645188896
1,-0.865873605412,-0.378877220153
1,0.636734012798,0.104084091846
1,0.601732908072,1.35443391798
1,-0.165194414199,0.226750009158
1,-0.374862872505,1.08326880209
1,0.368948890959,-0.242458765571
1,-0.55292346454,0.0882887021702
1,-0.440192604203,0.96268269462
1,-1.43161417102,2.14525226842
1,0.294654061093,2.61637043444
1,0.137194190109,-0.562184911703
1,-0.846447344187,-0.61875192555
1,1.40862078834,-0.916142688184
1,-1.47203263094,-0.0422859975654
1,-0.326065077763,1.1408575095
1,-0.823952356992,-0.322101922907
1,-1.09471342745,1.13800930234
1,-0.480049891579,0.74696352157
1,0.123439160561,0.652295103915
1,-0.421553058701,1.98226368015
1,-0.926185772444,0.677240018989
1,1.11888864918,2.0690591686
1,0.010371898495,-1.18417338293
1,0.324889624366,2.13597336957
1,-0.353943377851,1.15788174484
1,-0.110246814272,1.01696969772
1,0.283837731954,0.0923673442719
1,1.50535499473,0.898756378088
1,-0.708158402037,-2.13550767735
1,-2.05256847595,0.177884076148
1,-0.659710967507,-0.767836054924
1,-0.407763792285,-2.43649148694
1,-0.233488754344,1.72822951716
1,0.672421043881,-0.503750200392
1,0.473393683696,-0.897561410265
1,-1.40998589818,-0.88151854383
1,0.159300496491,-0.0436958901846
1,-1.59869575405,1.41919197963
1,1.72441010022,-0.941140147685
1,0.590981855421,0.853978534071
1,-0.228889579532,-0.0228164085808
1,-0.982790581495,-0.313156172049
1,1.32575460182,0.723255656653
1,-1.92122208825,1.51000366189
1,-0.76343164126,-1.24330398814
1,-0.105273542792,-1.36659931504
1,0.919756898867,-0.418618385124
1,1.99718209228,-0.717607837585
1,-1.03249461818,0.228873175702
1,-1.14841261213,-0.655789870114
1,-0.117649855962,0.804587312734
1,-0.937696430603,-0.0902544301383
1,-0.523389275057,0.642628239444
1,-0.229905878386,0.256351537283
1,0.678081220114,-0.641517342364
1,-1.59139175374,-0.822522958277
1,1.45065154003,1.23155720591
1,-1.44276164053,1.40285165459
1,-1.18149371531,2.25911587542
1,0.8872141583,-0.872572903904
1,-0.288177270381,-0.708430073056
1,-0.873715600726,-0.859270909346
1,0.930288931573,0.902380429422
1,-0.575164467138,-0.304498138148
1,-0.424974707633,-0.811879002547
1,-1.13323732231,1.06397899012
1,0.936729810215,0.669511766768
1,-1.91449566605,-0.712152144031
1,-1.41740288875,1.33991605816
1,-0.715503127664,0.454287235749
1,0.909628210526,-0.17199701556
1,0.276462492672,-1.21901808281
1,-0.423485612956,-0.159501223102
1,1.14256726398,1.55976561273
1,-0.358784456185,0.654435959895
1,1.26585656418,-0.842293398913
1,-1.73825081474,1.28708018104
1,-0.75400662723,0.165144073598
1,0.0378158299122,-0.552129329977
1,0.116353042499,-0.0811701596567
1,-1.00814327667,-0.864858204129
1,0.696295688075,-0.307088783403
1,-0.00766798114329,0.125279570352
1,-1.74163095371,-1.46162973719
1,0.351964081441,-0.223363336152
1,-0.0525929089669,1.51454957848
1,-0.132251477765,-0.394025852384
1,-0.0504468471402,-2.5689173826
1,-1.67186435455,-0.734306168552
1,-0.743141965316,0.0107609433611
1,-0.583375508066,-0.519681425526
1,0.736915169999,0.542988797722
1,-0.551892265306,2.20895818969
1,-0.620811555942,-0.999172404952
1,-0.0387926153504,-0.905181762514
1,-0.528868334556,0.0384024683223
1,0.116185786908,-1.17588614339
1,0.384921068405,0.807633620087
1,0.658678195841,-2.20162137251
1,-0.448094277515,-0.608121221388
1,-0.727153703097,1.96978843571
1,-1.14910857301,0.258702932839
1,-0.218974205171,1.32949678625
1,-1.02100923553,-1.03349961639
1,-1.67985481581,0.150107600115
1,-0.708320893576,-0.313110227517
1,0.113384307028,0.0337981908439
1,0.173619181611,0.219785498394
1,0.581475923276,-0.357768632287
1,-0.179030183587,-0.760713194876
1,0.0600624031102,0.0134583618481
1,-0.177303527615,-0.903760525756
1,-0.651200474937,-1.37162580561
1,-2.23280626551,1.1844376202
1,-1.42011856474,-1.47985015843
1,1.12969120735,0.175429910836
1,0.319974903616,-1.00656390539
1,-0.286176944941,-0.404365052152
1,0.285136825834,-0.12475617121
1,-0.990879503419,1.16905746312
1,-1.29922041205,0.321446696424
1,-0.857617543846,-1.31988600486
1,2.78516849276,1.0895894486
1,0.121476726135,0.0814097558939
1,0.859462554649,-0.723143209416
1,-0.272770501134,1.33714605672
1,-0.528582832265,1.94360380459
1,-0.260666247157,0.785090543414
1,1.34693165632,0.37920364391
1,0.475843891182,-0.275143041659
1,-0.31139768461,0.802107549196
1,-1.22554370068,-0.291129982517
1,-1.1149970161,-1.37289266636
1,0.572343979708,-0.737006421954
1,-1.68016008618,0.105737677114
1,-0.720281255678,2.2522577129
1,-1.04240424358,-0.29242745161
1,-1.27721385392,0.327584224901
1,-0.0877539204143,-0.435208603543
1,0.468875845945,-0.282191201336
1,0.83082673784,0.517129002187
1,-0.38047854148,0.681116581912
1,0.835748564336,-0.679933714489
1,1.63886546648,1.51344247318
1,-1.07140535268,-1.35815315707
1,-0.210263704518,2.47922712731
1,-0.075050485955,-0.28962639461
1,-0.0449283823995,1.83074459952
1,1.34798609537,0.746187527586
1,-0.922532625014,0.614413141491
1,0.991733700096,1.86881769347
1,-1.30424173545,-0.609710356851
1,0.637566759487,-0.614543255584
1,0.42765102025,0.223820242712
1,0.996633368052,-0.870695940462
1,-0.424955189114,1.40767463788
1,-0.0936675707277,-0.663480210938
1,0.80039710277,0.64177093577
1,-0.432404893206,-0.228124419204
1,0.890895030746,0.847239202529
1,-2.12100860634,0.56836807945
1,2.07594721158,-1.27095715931
1,-0.28233127773,0.515565331907
1,1.0007788768,-2.16658904405
1,-0.492410632848,-1.39307663838
1,0.254282308323,-1.85271671454
1,0.668556876265,-1.51936869703
1,-1.71043329979,-0.278811506678
1,0.322816113946,-0.133795834047
1,-0.929144687293,-0.166582183344
1,0.297850504947,1.06847031501
1,0.608910405154,-1.04693674653
1,-0.523448490845,-0.438292289141
1,0.737422387836,-0.549114216578
1,-0.116040852275,1.39726950768
1,-1.81107030672,-0.319533689181
1,-1.3319115177,-0.0167734774113
1,0.565796140916,0.00928948663457
1,0.365679217337,-0.228130427651
1,-1.07640433121,-1.39224869652
1,-0.247049439687,-0.236243802606
1,-0.604403293382,0.692195615856
1,0.169444405227,0.197131779153
1,0.408320056649,-0.250859363191
1,1.02778366967,1.68013635402
1,-0.198925755416,0.416503680562
1,0.549290082313,-2.00050974429
1,0.503107833186,1.38093225471
1,1.95382499348,-0.597381457299
1,-1.07444748825,-0.910658608834
1,1.07368231734,0.424147839464
1,-0.871413519339,0.689401848876
1,0.0332555033879,-0.786563095218
1,-0.395298129873,1.42301617655
1,1.59427126699,0.0721150598893
1,1.3509533121,1.85128051832
1,0.732132952928,0.450131726102
1,0.22676279572,0.421705355565
1,-2.65085777846,-0.545604380129
1,-1.11371823768,-0.235231174601
1,-0.0176564708215,-0.16879601927
1,1.79822141815,-0.738849920557
1,-0.187587126647,-1.32882862709
1,-0.687074292281,1.18776382635
1,-0.490403217288,-0.675806745862
1,-0.215951777983,1.43279950477
1,0.14698460262,0.226122687898
1,-0.884224529608,-1.65121411656
1,0.80477918656,0.110132832955
1,0.572645842094,-0.102223056285
1,0.0320596836345,-0.856661918503
1,1.26220229964,-0.325397727767
1,-0.0872208948118,0.123574722726
1,-1.81459944435,0.225920013197
1,-1.20647549562,-0.0747794367546
1,1.41579797092,0.748807618083
1,-1.01589632061,-1.42461901788
1,0.188973601995,-0.0433169872957
1,0.740748173042,-1.72341653693
1,-0.439706739679,0.160913491257
1,-0.164631503415,0.647942623
1,-0.106604212927,1.11259199525
2,2.88485062489,3.12965262351
2,4.91396498897,4.04962489148
2,4.73737121855,1.35072270828
2,4.3626482063,0.376421985001
2,0.307853939352,1.19581348011
2,1.48268764011,-1.23830928017
2,-1.81907080984,-0.95906790189
2,1.69456015154,-0.884020778455
2,2.27832373825,1.34099374954
2,2.27466542492,0.496549590748
2,5.1980505307,2.04199362111
2,4.56892897099,2.88362668891
2,2.01571442133,-2.32690657488
2,1.5199188367,2.4082792708
2,1.43374617983,2.35576830971
2,1.39406177933,2.89744211734
2,0.615999410853,-3.18895650013
2,2.31943431594,-1.90395366964
2,3.74156435318,-0.470536048906
2,2.13228344002,4.32183121409
2,-0.695398727152,-2.27920364452
2,1.07528621233,0.45832503852
2,1.63996338301,-2.63045006107
2,-0.232595030029,-1.9869924354
2,2.75392401877,-2.0607053723
2,3.5456510131,-0.688934434112
2,-1.12663983761,0.40582741171
2,1.65295828406,0.828781168318
2,2.58467373432,-4.52461517176
2,3.88736158624,-0.347013269893
2,5.34062262791,2.35309535703
2,2.58052007543,-1.11367480613
2,-0.688732746031,2.64680328326
2,4.082577786,3.08451602235
2,4.70852629046,-1.94206564894
2,-1.72720736178,-0.602809212217
2,2.21028056522,2.49361834372
2,5.58681084863,-1.53883796444
2,1.90730225996,-0.901654476488
2,5.39933174063,0.757499301928
2,-0.0266081734413,-0.0668041387334
2,2.77655160799,3.21069780809
2,0.37200691246,2.33979726598
2,2.41921589946,0.0690629498964
2,0.287419140761,1.36679763511
2,1.90019373,1.29029757341
2,4.18061281129,-2.45583777662
2,1.19467040598,-1.43062017452
2,-0.181805830403,1.20848253158
2,2.62339168261,-1.45931584357
2,5.0724247743,1.41778659825
2,4.34460590111,-2.08507551964
2,2.77255152316,1.69430095374
2,0.973394092473,-2.18826866403
2,2.65584685701,-0.676295576782
2,0.692881133129,2.42791688508
2,1.11172758644,1.64359264615
2,0.149469651434,-1.4548159851
2,-0.935340516233,-1.80382947465
2,0.492715132293,3.23501426707
2,2.05018048799,0.20366003905
2,2.02546048257,0.854642450136
2,-2.08509261797,0.846153717077
2,0.831126880674,2.37427270756
2,2.80323790253,0.88736113211
2,5.66897800184,-2.36445061221
2,1.48167752619,0.298871452219
2,-1.57901313031,-2.23683196929
2,3.62864677524,0.444520365378
2,1.6019169828,0.726440262625
2,0.712732154631,1.92961644507
2,3.85352295394,0.21722375983
2,2.63055232794,-0.282162912104
2,4.30576110309,-3.32216120928
2,4.22716175801,-1.64583850884
2,0.0685174741155,1.40143230275
2,0.638225140029,-2.20846061385
2,-0.50622999912,1.78061298951
2,-0.985257208563,2.72618018787
2,6.22156719123,0.752481688443
2,0.0449968889723,0.125992860868
2,3.18632860857,-2.710513822
2,0.303933473295,3.34878432978
2,1.14111702769,-3.29595337379
2,-1.22680927174,0.477327558543
2,1.77024700898,0.427211341366
2,3.44008785818,-0.611642424243
2,1.37355919902,-0.448216414264
2,2.76359754737,0.529628141304
2,5.44257644226,-0.607916233753
2,3.37063061311,-0.249418377866
2,3.55286621574,-0.976534629682
2,3.45743315757,1.49249515256
2,-3.07904168792,-0.934102763237
2,4.79819037575,-1.96590760304
2,-0.459902858959,-1.82658749469
2,4.21694451291,0.34667814115
2,1.98612663187,0.460473387794
2,-1.99891741844,0.959176070913
2,1.36379203449,1.67201811186
2,0.975637893867,-1.80040532135
2,1.47928191455,-0.169862592352
2,-0.349645206259,-0.829071437986
2,-1.43497320267,4.05511105376
2,1.62111222577,-0.560650211393
2,0.859127182229,-1.45212239512
2,-0.00786384955378,-0.0266031887095
2,2.77124078015,-1.19391030536
2,2.040075068,-0.598304022364
2,1.56475252028,-2.50130050593
2,6.55492905126,2.55935363045
2,0.604527450607,-0.222712463812
2,1.50270077767,0.423021893451
2,-2.98095662249,0.178006216121
2,2.90841863569,1.39018186136
2,2.52950872585,0.484468684025
2,4.16996718257,-0.92059948565
2,2.23789306382,-1.85018956458
2,-0.902036507197,-1.14004329429
2,1.4905325392,2.01504125165
2,3.76826309326,1.12915040554
2,4.30479860974,-0.277423293712
2,2.20268123534,3.06857000045
2,2.38212791982,-3.53634846166
2,1.25063262381,-0.816622588117
2,3.67438339051,-1.57607869587
2,1.37249067428,-0.341815971107
2,2.0419383658,-2.08729764977
2,-0.17263812346,-0.573356006993
2,-2.66815577595,-2.32124520368
2,5.5680538467,-2.01641504022
2,3.51700047975,-2.97687400537
2,4.39214846509,-0.398807861384
2,5.10063864568,1.09875300368
2,3.13157527567,-1.45741030386
2,5.46220250246,1.0978039617
2,3.37489255285,0.409669752731
2,1.38785256751,0.888275076022
2,2.7205244479,-1.5148593506
2,-4.40519730342,1.4239423514
2,1.75819962911,0.209904034509
2,2.34008998961,1.30927108034
2,-0.0101933718403,3.84953040311
2,3.00974654372,-0.252125330343
2,0.184352680632,2.26506682731
2,4.99347644888,0.594278507901
2,2.21370692477,0.268797322713
2,1.69320401974,-3.98114126144
2,3.16298131945,1.71608927056
2,3.80266961527,-1.53515252166
2,4.27136463985,-0.672834929376
2,-0.96666606776,-1.69600278327
2,5.27191923129,-0.336262943759
2,5.0774519952,0.156916704227
2,0.445707407705,2.22769545277
2,6.86341071083,1.41014409076
2,4.626494575,-0.345000206193
2,3.39939248751,-0.169691942499
2,1.36291184875,-1.64119835318
2,1.47462270234,2.63057199089
2,0.131772819467,-1.75886730585
2,3.16111763297,-3.01918059177
2,1.70957056424,-1.93756706671
2,0.968126636381,-3.06338587872
2,2.28034352806,-0.531151575093
2,2.45654917934,0.0605999419551
2,2.87227345785,0.95730847673
2,2.44184165561,0.0841907508391
2,3.72730124976,-1.58234563876
2,2.09499786119,-2.94522494982
2,5.72595472376,-5.57794992625
2,2.31220501374,-1.65169782848
2,-0.277064254162,-1.5625474987
2,1.90975096042,-2.42599092535
2,1.10904760908,-0.913522949733
2,2.62505702324,1.00600616898
2,5.48753835562,-1.32690389651
2,4.2986314371,0.994288692725
2,5.74873159179,-0.583694172433
2,3.92126349001,-1.04017341974
2,0.433824378852,-0.850226309281
2,2.62093303227,1.88495793281
2,5.64153950791,0.858231384127
2,1.1855508172,0.237060069231
2,4.87103292668,-1.01351427058
2,1.51884238819,-3.34900962654
2,0.895469064708,0.616990363516
2,-0.326162714754,-2.98823283507
2,0.779152994431,-1.2955233091
2,-0.399439247271,5.73263975175
2,2.82085963978,-2.18036542288
2,1.90726192768,0.315793613383
2,3.05411131109,-3.0301283539
2,5.99153249093,-1.47524501744
2,3.25931944076,3.62950833145
2,1.2245746781,1.06349980704
2,-0.319241235657,-0.549683750612
2,5.24236909398,-2.70269505375
2,0.4907603044,-3.48846493032
2,2.40409966348,3.83097283297
2,3.88514843176,-2.76540800476
2,1.50817205096,-3.04380151237
2,0.405772530281,5.80222006536
2,2.80920819743,1.64301736712
2,3.65066033819,-1.4273387647
2,2.1797463252,-2.2042334545
2,1.27123235346,-1.09614986308
2,0.975260272463,0.0179995962549
2,0.299544227948,-1.84407988841
2,0.200600342411,0.812973536627
2,3.0968198148,-2.02924279668
2,4.85442933909,1.95470753612
2,-0.847233522114,-2.21778640415
2,-1.08998256812,-0.599002739007
2,2.1752581344,-0.96717939859
2,1.6744399061,-1.60703177832
2,6.02780319928,-1.0911378292
2,0.694907425548,-4.92534187268
2,1.03583802224,-0.0625100629816
2,5.32171818056,2.66103716379
2,1.71099206167,1.61162261208
2,2.17914722961,3.11612485888
2,2.19495531722,0.704222929327
2,-0.188428428291,-2.57671674058
2,2.63848618195,-0.872780015523
2,4.17768574876,2.51270382588
2,3.77907190628,0.551469621867
2,1.85539188351,2.7544164503
2,4.47535049137,1.08579760373
2,3.517256685,2.73727349671
2,3.46665128958,1.38325246688
2,1.80481047384,-2.05330173235
2,4.80947780634,3.17277517559
2,1.51930812219,1.79754879483
2,4.49171329322,0.62067722621
2,-0.142899255058,1.27464566653
2,3.01966242771,-2.15254742894
2,1.43394976068,-4.05799408073
2,1.30494692688,-0.573978399746
2,3.08266242004,2.16675555263
2,0.260940680037,-1.56108928968
2,-0.323926087771,-3.54520268129
2,2.58114495258,0.721983751843
2,2.18610377555,1.61306706679
2,2.05087079914,-1.15419973344
2,1.75932055999,-2.96576660227
2,1.35591523349,-0.855697388694
2,1.60121704407,-0.196244376036
2,0.981153922104,-3.92292336038
2,3.42323316446,-2.72383291669
2,1.17384120933,1.22787494267
2,3.40095676868,1.48604153051
2,3.51381116309,-2.98402486974
2,5.32674981636,-0.76197729443
2,1.79551718621,3.09552023394
2,1.41041071308,2.14671418773
2,0.236502207892,0.488546770857
2,1.15686764957,-3.38573609727
2,-2.21483559804,-1.21380397182
2,5.83757615686,-2.89174679607
2,2.23322506203,0.512378600181
2,5.00187141384,-1.76806201183
2,2.57359037114,1.87347598255
2,3.06024105587,-1.15374742068
2,-1.04930291854,-2.38146894348
2,3.57211722796,-2.28392117197
2,1.18452267208,1.11129503531
2,3.04915740197,-0.952081500813
2,4.8122346871,2.34486717997
2,2.08938659345,-2.43772198627
2,5.72321777443,-1.10008112104
2,1.79878828168,-0.455772400251
2,3.38547873258,-0.374927692677
2,-2.57580015012,0.955524343313
2,1.08512671394,1.91467825102
2,-0.536716642893,-2.27793720128
2,1.49479162754,-0.861519098883
2,2.14570659431,1.01511030476
2,1.99975001901,1.30420052297
2,-0.200384441091,5.25406126558
2,0.0623411200492,0.957380223706
2,-0.739818145605,-0.0126746143213
2,1.57188437207,1.85865003498
2,3.42920120679,-4.13244880299
2,4.35819379863,1.4797554619
2,2.71725241439,0.234425549659
2,-2.09361250679,-1.52044329123
2,1.01429862965,1.36202308846
2,0.242590337447,-3.48478629201
2,2.09737767228,1.73833959352
2,3.63055830569,0.105035496842
2,1.88601236974,0.072264295446
2,-2.05283247616,-2.24764458332
2,2.25998138611,4.39859593785
2,2.97240080404,-0.72990542702
2,3.82885863315,2.40193067073
2,-0.486115561963,2.17242546619
2,0.0572229211426,-1.99371523349
2,0.389869271597,2.51204415837
2,0.665331741464,3.26544207437
2,2.93899837108,-0.562622874914
2,4.67415661642,2.66282452039
2,5.07588106638,0.825726024296
2,1.07861109239,-1.45110185042
2,3.1766599365,1.46138200548
2,3.78151386133,0.588073039158
2,2.00864880998,1.598928462
2,-0.76787484618,2.39574501414
2,1.47127104335,0.72347684935
2,-0.235615417071,-2.34216969911
2,3.28866291705,-0.540774582737
2,4.02874354584,-2.56300757852
2,-0.893211825651,0.626384459674
2,1.88777024845,2.61092186233
2,1.60163665066,-0.829711019817
2,1.67596199247,-1.28569574242
2,0.955423264589,-1.15118454909
2,1.60949237496,-2.8321250592
2,-0.139401924156,0.715288209725
2,4.75706106902,2.33455697391
2,3.14082107419,0.7713087817
2,3.72301913113,1.74313244053
2,3.43557421746,-0.436877268675
2,-1.63753615261,0.919467142277
2,3.92782791611,-1.72937538836
2,0.877551286972,2.15577169323
2,4.22335838653,3.10565694466
2,2.51276565515,-2.27468465102
2,5.39452656555,2.4355945121
2,1.47387232421,-1.53342557836
2,2.37258656653,-0.436795884338
2,1.74149114139,-3.1494931182
2,1.64413770829,-1.30403767351
2,2.39438188836,-1.06382810271
2,2.96137362117,0.50565401712
2,2.24128705533,2.47416383242
2,1.33884473838,-2.37963085682
2,1.83381433764,1.85654978156
2,-0.422125273464,2.82560173252
2,3.45304342029,1.98562231605
2,1.75108374571,-1.22281090072
2,0.834378004156,-0.885751084133
2,1.08796451764,-3.95779614386
2,0.28235382656,-1.44084769805
2,4.51452223616,-0.307878804897
2,-2.35501863909,-0.0685296795393
2,4.26044083268,0.139090393342
2,0.850412872835,4.35732622775
2,5.33346020774,-1.13216657943
2,4.48296379512,-0.712685183029
2,7.79387987269,-0.304510657275
2,2.0247054256,0.733885692879
2,4.85305463343,1.50090979396
2,6.04047588132,-0.53304913494
2,3.64689557998,1.28466459122
2,0.390023175032,0.365403711426
2,0.83003378139,0.0893958654485
2,-0.0895911525212,-0.0254073097225
2,4.84932924395,-2.50197358738
2,0.0347678626449,3.56453656717
2,2.77329317804,-1.26647083261
2,5.07216465222,-5.28792079981
2,3.41182338174,-1.61543250827
2,0.445024267702,-2.34361148525
2,4.70402218058,1.56037193325
2,-0.602583612156,-4.56705067989
2,0.671700273272,2.74776316224
2,-1.89147216796,0.532678867958
2,4.38366466042,-3.34253428873
2,2.27294949817,-1.49105680174
2,2.20540405693,0.791610479794
2,2.38695929738,0.446994647132
2,6.01004522053,-4.52194444929
2,6.37945375262,-2.97148133793
2,3.58857408607,-0.179379538157
2,3.36422774535,1.16550236435
2,4.47942573832,0.690731202079
2,0.601281775852,3.93778821299
2,-0.973788334776,0.359295009015
2,4.37413729069,-0.00480223655093
2,2.3740269304,-2.01782673046
2,5.66581568031,0.781355375934
2,0.383976803772,0.761037259454
2,-0.720352318801,3.46101217583
2,-2.4160706515,-0.0313191798541
2,1.64823780721,1.43962979284
2,3.07361226699,-0.477065201265
2,3.97837515422,3.78082283587
2,4.32994625925,-0.210960213805
2,6.56082478912,2.27183469642
2,4.13159093262,1.61153178497
2,3.82238015527,-0.0739490921004
2,2.02452439687,1.20670642454
2,0.636964501262,2.23128237374
2,0.9015523462,-0.686092395309
2,-1.93353769957,4.03823980063
2,0.909240800574,3.65080112538
2,-0.846490339761,-0.623336582492
2,1.81266652687,2.63000553788
2,1.28753664183,-2.02727651273
2,1.2559819181,-3.16498445009
2,2.74928808592,3.12875480623
2,5.99280735901,1.21549734104
2,-2.23321244771,-0.0505846228476
2,4.38062774919,-2.18429629326
2,1.01732977183,-2.55444797551
2,2.10924553406,-0.88793093553
2,3.5404044605,4.40824024713
2,1.85823412244,0.865657277565
2,1.31184091713,-0.0916764698035
2,0.143374508578,-1.06439679254
2,0.458039156617,-2.22280126236
2,1.34459100278,-0.314356085743
2,2.68415059783,-3.99810452003
2,0.90609694019,3.02075488952
2,2.23696213236,0.848113147087
2,3.20302117441,1.17389046686
2,2.40692945507,-0.434134210361
2,3.83677272017,-0.89943744075
2,6.35219208802,0.225170863308
2,4.52156114504,-1.17807211635
2,-1.23004703944,2.50359735078
2,2.64505711937,0.380505469105
2,1.71597446418,3.00796366538
2,2.56767947368,-0.180006475375
2,2.34047002193,-2.44838841687
2,4.39043287298,1.45971635623
2,2.3252290133,-2.71731360217
2,3.99407717282,-2.54451995454
2,5.55161139969,1.87326618694
2,2.52703894329,-0.0245343832673
2,1.60315489446,-4.12047727509
2,1.23751173868,3.21028758384
2,3.28037676021,-3.05931185677
2,2.81624072874,0.998775860259
2,0.330733067551,1.34894517005
2,0.221939995683,-1.89347718819
2,0.440239363648,0.722112369741
2,2.34340156588,2.99807441501
2,1.730408611,1.20002218564
2,0.278191859384,3.95529439629
2,2.40854246303,-0.958312164928
2,-0.0962121611618,-1.52019215513
2,1.41034205595,1.1778758855
2,1.23913364457,3.25632636718
2,-0.314358284548,0.847935803376
2,1.78052966924,-0.857934878876
2,0.00241541097821,2.07447502644
2,5.0412032686,-0.642064659247
2,-2.12160921811,-2.5444582895
2,1.47337446688,-1.0542518877
2,4.99704877272,-1.92708804079
2,2.16922443944,0.275639224013
2,4.49529225988,-4.19566681495
2,6.44567428971,-0.708153742826
2,-0.332154580931,-0.659048722183
2,2.90268419663,2.77250977376
2,2.79864144883,3.31696806285
2,0.763481268628,1.2763032303
2,5.15674462975,-0.331821629932
2,0.188311145415,-1.46760589422
2,1.75566818734,-3.07720720417
2,1.12232024104,0.188283066052
2,2.03971047331,-2.75555756148
2,0.34046689916,-2.57331125435
2,-0.00785250740793,-0.372652942719
2,2.00437269471,2.42787712658
2,0.786141156485,-3.83283076778
2,3.35866608416,1.49422257646
2,0.953407848176,-4.02491915725
2,3.34624848869,2.75462257015
2,3.0198788628,4.56823746457
2,1.65061793277,-2.27821400235
2,-0.725955812802,-3.81454489584
2,1.53806701855,-0.891615007308
2,1.5220234959,-1.33298656348
2,0.3658898852,0.387239583377
2,-0.089317280451,1.31825233589
2,0.301258523082,-0.655908779397
2,3.27287558603,-1.11857563241
2,6.03801595085,0.136648375245
2,1.5600718814,-1.80717930286
2,0.196688356359,0.93762805562
2,-0.454200086976,-0.461654889636
2,2.54794308714,-0.331482982726
2,-0.529758649496,0.448135362197
2,2.84152041067,1.06942139201
2,0.512178304132,-1.34492376217
2,2.23202225614,-4.39633622789
2,-0.657869185806,-0.441330543788
2,1.1738066945,-0.14202479091
2,5.93206305932,-1.26275297202
2,3.42121476568,-1.31822412829
2,4.14517683503,-1.09654493309
2,2.15841419917,-2.06765750978
2,2.22881016106,4.06503302828
2,2.75677360993,3.27717630124
2,3.08820349791,0.480779580448
2,1.35321273767,1.07698028124
2,4.19186335892,-1.20945461895
2,2.30183962906,1.39358274039
2,1.70779018592,-0.335603574714
2,2.31132362353,-0.98989081537
2,-0.343018273275,-2.11936517643
2,1.75635594365,-0.900625027457
2,2.13582878526,-1.89833948493
2,1.25692983539,-3.28423844802
2,3.78206645297,4.29988996441
2,-0.214090856784,-1.56933323778
2,0.268886945705,-5.71846835436
2,2.74593451857,-0.784495297218
2,1.09558180929,0.506664399886
2,1.70246308574,1.42844531546
2,0.71568387842,1.13912035324
2,2.70558618787,0.887018337445
2,-1.35334732665,2.35040948882
2,0.337189336967,0.315525840484
2,1.75655980998,-1.85413024624
2,4.26211287203,0.339590591562
2,2.03010357865,0.445438072058
2,2.90919614697,-0.0733993527056
2,3.90092948955,2.72965781288
2,2.39177023669,0.896324951062
2,2.14374694245,4.56009844266
2,2.37935548003,-0.747079224643
2,0.936321660918,-1.43311320878
2,2.75020192004,4.3474363666
2,1.32141739783,-3.42428591203
2,1.33000721106,2.3442500448
2,2.74304242061,0.198695063456
2,2.56506328703,-0.519951065601
2,0.307092991777,-0.336452950657
2,2.61807146286,-1.87740859853
2,5.38685730582,0.282978611755
2,2.09898853768,-1.64136372075
2,2.5153855888,3.25354645521
2,0.725672104965,-1.08381916637
2,6.03721813771,0.181389677311
2,-0.804409600623,4.12237584475
2,4.44483269112,-1.42606174756
2,3.33098558687,-2.0723254884
2,0.840670411471,-1.56117916269
2,-0.729698861952,-2.49986993181
2,2.26546586499,1.37553291565
2,1.14353584939,-0.108945244532
2,-1.61506976203,1.94474410532
2,2.09101247291,3.20873366214
2,3.23775519117,-2.70642840252
2,0.572119707429,-1.88486433642
2,1.85498263942,-2.98420519324
2,3.75923322144,-2.22414679854
2,1.99456352423,2.12102183913
2,-0.969164024053,-1.62068588269
2,0.146998151975,1.03233522012
2,1.88427952522,-0.345448093093
2,1.8755884234,-3.46224277555
2,1.46766423729,-4.2434499737
2,-1.53036152075,-1.1925603531
2,-3.68998591767,-2.18552199229
2,1.85932418284,-0.330336182978
2,0.855374001022,-0.503907929183
2,-1.06547243805,-0.389846271526
2,2.66960530516,2.23929675556
2,3.37193472216,1.27410710871
2,1.95446536114,0.87581323432
2,4.54948406488,1.16605530975
2,2.08624577747,-2.27739355766
2,-0.150054077136,3.6770278842
2,1.33778120714,-0.988668064876
2,-2.05833445786,0.162515537091
2,2.82005334504,-2.42626296702
2,0.326333205111,2.19314563205
2,1.0503601468,2.90311330434
2,2.05307238384,-1.33533684509
2,3.54067212815,0.864496005326
2,2.5662077258,-0.841172850346
2,1.91887018316,-2.67740068518
2,1.95281208005,-0.431143854199
2,0.00386793563757,1.35684934209
2,2.46690512004,-0.885657391348
2,2.36377855,-0.396110881485
2,2.3969283107,-0.216571463805
2,1.0838402859,-0.072776908077
2,4.39598304277,-0.699669764648
2,3.54398765434,-1.20984734728
2,5.13346527085,1.39651462559
2,-1.01289189325,0.835774608838
2,1.1562511829,-3.42494019183
2,0.090519866033,-2.84530286397
2,0.267423046032,1.97837989323
2,2.42921061233,-0.991918137709
2,3.73217193446,1.70529236248
2,0.577169246599,2.32263809724
2,1.27502963281,-1.7664460811
2,0.157623320528,-2.36609418711
2,2.11255406816,0.256656826062
2,2.92703054057,-5.21211700079
2,0.652915107033,1.24267333898
2,-3.36877935667,-0.820493013762
2,1.10944265781,-1.34027322108
2,2.41058298369,2.76027540432
2,3.29073099052,1.85804781497
2,2.21640916416,-2.16244617839
2,1.39985475083,3.98831808295
2,0.146572313065,1.210581537
2,1.90136141549,2.30881559521
2,-3.01766933158,-1.01899880248
2,3.00903470459,-1.48524914256
2,-0.0802380764626,1.38601492834
2,2.77916758494,1.0367645793
2,-0.205786220821,-3.08417732583
2,3.4640614033,-0.828169699086
2,2.31759190966,3.45232623779
2,1.91302256578,1.19749057588
2,5.77989628767,0.262969217188
2,-1.45896138591,-0.559866747808
2,-0.795960761422,-2.13363517361
2,4.17477034872,2.43862837401
2,1.22374663338,-1.37400604703
2,-3.01372760769,-3.02812152865
2,2.68188704505,0.670120750535
2,2.632923601,2.43932995327
2,2.44687086962,-0.563372662723
2,4.84116565601,0.449638424402
2,6.25789081295,-0.615852312297
2,-3.22609117228,0.603518923798
2,4.8250028543,-1.38156242388
2,6.6461690244,0.189319167239
2,3.58186153681,1.77347734982
2,2.49140643731,0.0195121120132
2,2.09854991183,-2.43908520284
2,0.576784263263,-1.33110781121
2,1.24676727122,0.477478180184
2,1.60811735493,-3.15823299099
2,8.4721644942,-1.42489731632
2,1.34890465222,1.55861133458
2,1.08326499305,1.42689941714
2,5.14668110227,-0.0946869686366
2,5.52004686308,-0.623995063435
2,4.78762859358,-1.89778685449
2,3.53466693155,3.36714345846
2,2.42205119745,-2.03059278958
2,-0.755693032008,-0.791371662265
2,2.47156114917,-2.02590356104
2,-0.175134001764,-2.55816369582
2,2.25899575441,1.39746704248
2,1.99252993342,-1.46723763613
2,-0.556865478363,-1.71037198204
2,0.40823519757,5.18119563449
2,5.79530895627,3.21588422681
2,3.35491474186,-4.6216878329
2,3.54505389462,-3.11912689698
2,1.44572245842,-0.843070946611
2,1.05199029904,2.13639226852
2,0.683531371788,-2.07198526701
2,1.2413542376,0.202494959794
2,3.55817366697,-2.65918627947
2,2.95441245403,0.853754903654
2,-0.960926072321,-2.07414088935
2,1.36368258765,1.76534674269
2,1.92276680158,0.490419908313
2,1.60539976613,-0.65423778569
2,2.57243666197,0.288759245351
2,3.61390292824,-0.976446661215
2,4.01674250974,2.50799121707
2,-0.0418391828727,-0.673181057629
2,1.27316837481,0.693769144571
2,0.737786322883,4.79550905475
2,0.313557267972,0.443907362216
2,2.60141011105,1.87616489438
2,5.3586638604,1.21410690333
2,-0.789803291282,1.29598378163
2,3.55835235196,-0.0776338598073
2,1.19685360004,-1.47721529227
2,-1.36808284858,0.494745685438
2,4.24635472264,-3.12397609759
2,-1.42480380356,-2.02720816023
2,0.456271424311,1.95102611589
2,6.77363226677,0.268012756348
2,-1.00551345075,1.52604519681
2,2.55079918743,-1.54663358407
2,1.12459892746,1.37125198464
2,1.51185638007,-4.95698998015
2,3.16570215307,-3.40460518566
2,1.9550760199,-0.447971522627
2,2.76292802624,2.18386007045
2,3.12012994505,0.836226917987
2,4.46070108668,-1.57590407895
2,3.03131856787,-0.914242175212
2,3.90045926915,3.48272062274
2,-1.17692253594,0.780934591986
2,-0.440365700322,0.133468681217
2,1.43937179001,-1.6544831747
2,0.561738871325,2.63925172435
2,-2.33227887878,1.37181592751
2,3.43183161237,1.48986657162
2,0.875129254864,-1.48283073373
2,4.10023145499,0.0977101486795
2,3.50973723514,-0.623915302821
2,-0.4714729075,-0.600744719132
2,3.24254794718,2.12720202123
2,0.22349442717,-0.101728216217
2,4.83787426573,1.70174350405
2,1.57080286895,1.35922652141
2,2.15090847662,0.812781979998
2,3.85228671876,0.407793637174
2,1.83293662095,-0.514931505728
2,3.33945600821,-0.989136760318
2,0.44808674685,-1.20245086214
2,3.34063924743,-0.399078354148
2,3.63221426271,0.37844889991
2,-0.473380205993,-0.886978532829
2,-1.88348454529,-1.65884038813
2,-0.150866439273,-4.35197400045
2,0.421126439205,0.00152483652828
2,1.73568459583,1.49752645897
2,2.94731460438,3.26345886416
2,1.26904929698,-0.314075268338
2,-1.34572740206,1.23838211827
2,5.99825112613,0.854841608382
2,3.82312357521,0.807443748963
2,1.77124697309,-0.179622904567
2,-0.0239337415624,0.20872265474
2,0.178664072654,-2.22556678519
2,2.77877067678,0.255755418289
2,2.30084957117,-4.12089115997
2,6.02321295757,1.46866863802
2,3.56529554211,1.8626813382
2,0.00556452709648,-2.13165966498
2,0.783708709872,-0.383618971462
2,3.02045086941,-1.63615425232
2,5.33079444818,-1.57056649254
2,3.54583426482,-3.0351939459
2,4.58911068838,-0.751857269391
2,4.65218209126,-1.49710960827
2,-0.575480926345,-0.695679605046
2,1.9759066676,0.761807627657
2,-1.0165984435,-0.729923777773
2,4.32981599023,2.22663828219
2,1.02723281866,-2.49470230817
2,1.80899512525,1.67873164047
2,4.34483545024,-1.63679803267
2,1.70672312411,-0.228635389946
2,3.2796826537,-1.7529770191
2,1.4365626739,-3.17615982548
2,3.18364827579,0.4065715745
2,2.91502543263,-0.794400961738
2,4.90622118067,0.705400041534
2,1.65255543121,-0.918650355467
2,0.873333573649,1.75612795022
2,0.776810877167,-0.490290751601
2,2.80918420007,-1.02530607838
2,4.88247952931,3.81444109218
2,3.03972680669,1.22846816239
2,1.37230338329,-4.04674579175
2,-0.528160022445,0.529892088481
2,3.57824947018,0.760577264035
2,0.99418900477,4.1245065585
2,0.818864148359,3.7999188672
2,2.29576006485,-1.88303409099
2,2.15183224799,-1.25550016441
2,2.11578805017,-1.74123931107
2,2.44297673698,0.522204765194
2,4.12462511293,0.120340433832
2,5.01936951354,4.2686412767
2,5.09435694329,-2.53466880804
2,0.298768020998,4.47492586922
2,2.92760995654,-0.502441373139
2,4.18884650521,2.48077334868
2,0.926179391084,0.388191920127
2,0.054458972544,3.73843857651
2,4.39712178149,0.161620918231
2,2.3328094867,0.354235579725
2,1.05430218056,1.15256648158
2,2.37319869948,-4.11907058964
2,3.58790865994,2.86263914287
2,-0.564993569141,-0.626473290446
2,1.10914602986,2.14994322618
2,3.36966275857,-0.242533447358
2,2.4473558299,-1.87612900324
2,3.50589584551,0.883589733902
2,2.92510302226,2.10983213529
2,0.763710624726,2.34118604327
2,2.27416330298,-0.0617419291832
2,0.623342379528,1.28533010825
2,1.68812985314,-2.37215242899
2,4.36972072431,0.972601519316
2,1.9925492064,0.669721671285
2,-2.97451369143,-0.117277450944
2,-0.733239662661,2.58329992418
2,0.839937996935,0.548193565699
2,-0.249940978662,-2.38752927032
2,1.23668564923,0.584450078779
2,1.50792459817,-0.0518089518139
2,2.64603979844,-1.31430758895
2,2.19856506968,-3.2302537572
2,1.63143359341,-0.0759818291936
2,3.46799588749,-1.70119291319
2,4.98729328869,1.07062658147
2,2.80110653373,2.79180935785
2,2.70968457978,2.13238486439
2,2.67310716173,0.206843049756
2,1.72555842832,-2.29200181045
2,4.8643888341,0.00661119359296
2,0.796863624608,-1.62233780881
2,5.09900555455,-1.28801090665
2,6.18470613643,1.09296479172
2,1.28315973135,-1.43441309756
2,2.52365170014,-0.96019013383
2,-2.71986711891,-1.81305443414
2,3.76922922138,6.62255014816
2,1.52650943023,4.17552849452
2,4.45309165375,-0.648948529619
2,2.42559970583,-1.85167748262
2,-0.911874528391,0.168116892143
2,5.06679887172,0.146267759804
2,-2.30944741285,2.64607237367
2,2.56194443156,4.26805889699
2,0.333834677473,-3.56491659727
2,4.747241808,1.09370367338
2,1.80343569414,-0.434869694459
2,3.63411412835,1.37000167199
2,1.40209642642,-0.425262478422
2,3.87576884403,-2.02891351889
2,2.64669989975,-1.99905753541
2,1.46841955855,1.62124819931
2,6.23705127375,1.04383715501
2,3.77672043087,-2.25861754495
2,1.79242757954,-0.735310206337
2,0.0671139119483,0.90897993615
2,2.98500776253,-2.0993112342
2,4.5818864667,2.66201606229
2,-0.618020758411,0.139762267068
2,4.60474514335,-0.50271949309
2,-1.82246532313,0.828320310205
2,1.15563268621,2.73649419246
2,2.66406773756,-0.895909401797
2,0.653477071544,1.31712072171
2,-3.54899693809,-2.4041283052
2,4.79048956891,-0.473044933696
2,1.22176976614,1.12124683708
2,3.37954771399,1.27512867799
2,3.86891394512,-2.52463843423
2,0.975109674723,3.62245646989
2,2.47710985682,-0.73592984015
2,4.24318755733,2.44617352159
2,1.49760702549,0.542571009388
2,-0.159670330375,-2.62195361172
2,0.867132192127,-0.94716510561
2,0.15136063235,0.914576797051
2,7.11091440042,-0.235134055934
2,0.574788255077,-2.62285781192
2,-0.231925061402,2.22745483567
2,3.05496779849,-0.0480592369439
2,1.22466572819,-1.63834481392
2,4.18568475225,-1.23544392173
2,1.45778607749,-1.73432619474
2,1.42904556944,2.73573712635
2,3.21695588069,1.7093992991
2,-0.569683300912,1.56675357335
2,3.60712177009,-0.141123525563
2,1.21908242717,-1.81540295829
2,3.62622812741,0.388827142145
2,3.88451590503,-0.0761650975951
2,2.11752496,-0.737519728922
2,1.75753500891,-2.1900732999
2,1.99634960577,-1.07363154443
2,7.90672018408,1.47386801975
2,0.270264402017,4.59081384639
2,4.13364704518,2.46852088397
2,1.1497408265,0.428476390624
2,3.84402971643,-3.31104031488
2,-0.119549799608,-4.02243281965
2,2.42563024254,1.08274778602
2,0.419641154145,1.30183629161
2,4.68915103377,-0.492283242402
2,4.38881502278,-1.30009127893
2,0.899858159469,-5.07001755525
2,0.683790989262,2.83949371389
2,3.7447572139,-0.264037849968
2,0.938016490184,-0.879022333867
2,5.64091686934,-0.175274974901
2,5.06847052666,1.11829450536
2,1.80659620685,0.407190866721
2,2.12859912398,2.55807268264
2,1.25950662849,0.20957474767
2,-2.27793483793,1.46102343264
2,2.89592205335,0.909331789745
2,4.26225459026,0.319232564095
2,3.48229026983,-1.52615537335
2,3.2697759808,0.0161972337155
2,1.69662081761,0.924604608117
2,2.05884647083,0.685164218484
2,2.74343282523,-3.68718170961
2,3.36054996081,-1.06950713873
2,0.320740317176,2.50565335673
2,1.92911326261,2.68282727611
2,-1.94432846615,-1.6502923792
2,0.645729521106,2.73406721
2,0.986680073691,2.31186167258
2,1.67132240949,-4.02877643931
2,5.25849851742,6.83277691081
2,3.45315636839,-0.254490139742
2,-0.321184505113,4.96878446664
2,1.48404652256,-0.971208738142
2,-1.03268278696,1.72157699906
2,2.17156547193,0.446721709376
2,4.39270901292,3.96963678998
2,2.97562826497,-1.01078584162
2,4.49703290298,0.541187625717
2,1.79924773814,0.657576608798
2,0.311936860123,-0.712962275413
2,2.01503629691,-0.541436301748
2,4.78816334453,-2.35976099774
2,3.57016319766,-0.214343154744
2,3.80404033481,-0.265087116607
2,0.959164476164,-3.05509743012
2,1.24199280147,-1.95274533716
2,6.56502237226,-1.18941692821
2,-0.986524264214,0.565202401487
2,5.08584768835,-1.44894708989
2,1.70754411033,-2.92502810288
2,-1.60248950446,-0.192547520814
2,3.44608605254,-1.80095900129
2,0.822550911256,2.17215867813
2,1.17210893252,-0.121215451032
2,1.55530389808,-3.61669126255
2,3.01886181257,-0.425870330344
2,2.81150167367,0.230419363188
2,3.22875337765,-0.418236205499
2,1.4086944707,-4.6668451831
2,2.49301856429,0.819104463611
2,-0.334758359851,-0.198678522255
2,3.09025120751,-0.218030788351
2,2.47251575975,1.6314896025
2,4.48796288301,0.908860898642
2,0.965904448976,-3.9507244093
2,-0.32357271872,0.302875269089
2,1.94805786989,-0.140923619022
2,4.26294955905,3.31746416524
2,2.76167805527,0.619305939339
2,3.62699314284,3.2825104705
2,2.65798009285,-3.58975779704
2,3.43335862638,-1.01466083678
2,-0.680048103492,0.554201107153
2,0.0211342677087,5.19895559635
2,4.53814975507,1.3090911432
2,-1.36950182418,2.99658091988
2,2.9416695704,-1.93108380812
2,-1.20193277923,-3.21716834075
2,3.22953579498,-0.260446930061
2,1.91380433632,2.24815108782
2,3.96560584868,-5.83507882797
2,-1.06151167433,-1.42965193701
2,-0.729895712488,2.63221515023
2,1.46325830242,-1.93658548857
2,2.34675783642,-3.27346182502
2,3.87932366941,-1.15913804691
2,4.8433084386,-0.626350236755
2,2.40687836477,0.717526409662
2,3.05904344492,3.90179740581
2,0.660123957598,-3.20281609308
2,1.99121751818,0.197154850132
2,0.440118201603,-3.36839428761
2,2.85514090336,-2.35021183564
2,1.12423580199,-1.53503651059
2,0.8494580849,-0.695643809409
2,4.0213339043,0.394437062616
2,6.28088577033,-1.79164457008
2,4.34508603319,1.55649487274
2,0.782376371467,1.38341740884
2,-1.61579425351,1.89808462956
2,0.130003743986,-2.62366133969
2,0.569463648328,0.556792104469
2,5.24355695756,-0.64867385015
2,4.59889229697,-2.45258797533
2,4.58874809694,0.77449666882
2,-0.431974844767,1.20590218846
2,3.32385088925,-2.09666866941
2,1.35414138472,4.2461702756
2,1.28123356503,-1.01307110024
2,1.96062690277,-0.571411685256
2,-1.46004441174,-0.519957155593
2,1.14316730936,0.306898380391
2,2.60816172259,-1.50097495054
2,0.659441264986,0.621813758823
2,5.128025627,-0.151910813031
2,-0.798705245986,-0.188584823191
2,-0.483217074844,0.804782314668
2,0.182644412009,-6.03381421371
2,1.10542218707,-1.83986328801
2,6.33262566182,-1.66922378914
2,1.03992553086,-2.12303823873
2,2.16826159578,-4.56392555719
2,-2.09310180487,-0.0326124295784
2,1.75447112344,0.424149640189
2,-0.102410649541,-1.59994147074
2,0.0211681135711,-0.862352225877
2,2.12569259818,0.717964700223
2,1.87717174554,-0.784120822376
